"Authors","Title","Source title","Year","DOI","Cited by","Author Keywords","Affiliations"
"Rashad K.M.","Laser in situ keratomileusis for correction of high astigmatism after penetrating keratoplasty","Journal of Refractive Surgery","2000","10.3928/1081-597x-20001101-05","43","astigmatism; device; keratomileusis; myopia; penetrating keratoplasty; spectacles","AL Mana General Hospital, Dammam 31451, P.O. Box 2366, Saudi Arabia"
"Al-Swailem S.A.; Al-Rajhi A.A.; Wagoner M.D.","Penetrating keratoplasty for macular corneal dystrophy","Ophthalmology","2005","10.1016/j.ophtha.2004.08.017","36","age; corneal dystrophy; donor; endothelium; corneal graft failure; corneal graft rejection; corneal graft survival; histopathology; keratitis; keratoplasty; medical record; recipient; recurrent disease; statistical significance; survival","Anterior Segment Division, Department of Ophthalmology, King Khaled Eye Specialist Hospital, Riyadh, Saudi Arabia; Department of Research, King Khaled Eye Specialist Hospital, Riyadh, Saudi Arabia; King Khaled Eye Specialist Hospital, Riyadh 11462, PO Box 7191, Saudi Arabia"
"Nakamura H.; Riley F.; Sakai H.; Rademaker W.; Yue B.Y.J.T.; Edward D.P.","Histopathological and immunohistochemical studies of lenticules after epikeratoplasty for keratoconus","British Journal of Ophthalmology","2005","10.1136/bjo.2004.054684","15","alpha 1-antitrypsin; alpha-macroglobulins; corneal stroma; keratoplasty; epikeratophakia; epithelial cells; epithelium, corneal; immunohistochemistry; keratoconus; sp1 transcription factor; alpha 1 antitrypsin; alpha 2 macroglobulin; transcription factor sp1; bowman membrane; cell labeling; cell proliferation; corneal epithelium; down regulation; epikeratoplasty; epithelium cell; histopathology; immunocytochemistry; keratinocyte; lenticule; penetrating keratoplasty; stroma; upregulation","University of Illinois at Chicago, Department of Ophthalmology and Visual Sciences, Chicago, IL 60612, 1855 W Taylor Street, United States; Department of Ophthalmology and Visual Sciences, University of Illinois, Chicago College of Medicine, Chicago, IL, United States; King Khaled Eye Specialist Hospital, Riyadh, Saudi Arabia"
"Wagoner M.D.; Swailem S.A.; Rademaker W.J.; Rajhi A.A.","Epikeratoplasty","Refractive Surgery, Second Edition","2006","10.1016/B978-0-323-03599-6.50090-0","0","epikeratoplasty","King Khaled Eye Specialist Hospital, Riyadh, Saudi Arabia; Department of Ophthalmology, King Khaled Eye Specialist Hospital, Riyadh, Saudi Arabia; Department of Ophthalmology, King Khaled Eye Specialist Hospital, Riyadh, Saudi Arabia; King Khaled Eye Specialist Hospital, Riyadh, Saudi Arabia"
"Al-Swailem S.A.; Al-Assiri A.A.; Al-Torbak A.A.","Woodhouse Sakati syndrome associated with bilateral keratoconus [3]","British Journal of Ophthalmology","2006","10.1136/bjo.2005.080101","15","abnormalities, multiple; hypogonadism; keratoconus; syndrome; vision disorders; amenorrhea; deterioration; disease association; ecg abnormality; hypothyroidism; keratometry; penetrating keratoplasty; slit lamp; systemic disease; visual impairment; woodhouse sakati syndrome","Anterior Segment Division, Department of Ophthalmology, King Khaled Eye Specialist Hospital, Riyadh, Saudi Arabia; Anterior Segment Division, King Khaled Eye Specialist Hospital, Riyadh 11462, PO Box 7191, Saudi Arabia"
"Danasoury A.E.; Hashem A.","Deep lamellar keratoplasty with baring of descemet membrane: The big bubble technique","Techniques in Ophthalmology","2007","10.1097/ITO.0b013e31806edbd0","3","astigmatism; corneal disease; emphysema; keratectomy; keratomileusis; keratoplasty; lamellar keratoplasty; needle; pupil; treatment contraindication; treatment indication","Magrabi Eye and Ear Hospital, Jeddah, Saudi Arabia; Jeddah 21462, Jeddah, Khozam St, Makkah Rd, Saudi Arabia"
"Kirat O.","A new technique to mark the donor and host corneas in keratoplasty","Ophthalmic Surgery Lasers and Imaging","2007","10.3928/15428877-20070501-15","0","keratoplasty; mathematical analysis; organ donor","Anterior Segment Division, Department of Ophthalmology, King Khaled Eye Specialist Hospital, Riyadh, Saudi Arabia; Anterior Segment Division, King Khaled Eye Specialist Hospital, Riyadh, Saudi Arabia"
"Wagoner M.D.; Ba-Abbad R.; Sutphin J.E.; Zimmerman M.B.","Corneal Transplant Survival after Onset of Severe Endothelial Rejection","Ophthalmology","2007","10.1016/j.ophtha.2006.12.012","29","corticosteroid; cyclosporin; prednisolone acetate; keratoplasty; endothelium cell; corneal graft failure; corneal graft rejection; corneal graft survival; penetrating keratoplasty","Department of Ophthalmology, King Khaled Eye Specialist Hospital, Riyadh, Saudi Arabia; Department of Ophthalmology and Visual Sciences, College of Medicine, University of Iowa, Iowa City, IA, United States; Department of Biostatistics, College of Medicine, University of Iowa, Iowa City, IA, United States"
"Al Suhaibani A.H.; Al-Rajhi A.A.; Al-Motowa S.; Wagoner M.D.; Al-Rajhi A.A.","Inverse relationship between age and severity and sequelae of acute corneal hydrops associated with keratoconus [8]","British Journal of Ophthalmology","2007","10.1136/bjo.2005.085878","70","acute disease; age factors; corneal edema; keratoconus; fluorometholone; age; allergic conjunctivitis; correlation analysis; disease association; disease severity; eye examination; hydrops; lubrication; measurement; neovascularization (pathology); school child; statistical analysis; tissue distribution; vernal conjunctivitis","Anterior Segment Division, Department of Ophthalmology, King Khaled Eye Specialist Hospital, Riyadh, Saudi Arabia; Department of Research, King Khaled Eye Specialist Hospital, Riyadh, Saudi Arabia; King Khaled Eye Specialist Hospital, Riyadh 11462, PO Box 7191, Saudi Arabia"
"Al-Mezaine H.S.; Al-Amro S.A.; Kangave D.; Sadaawy A.; Wehaib T.A.; Al-Obeidan S.","Comparison between central corneal thickness measurements by oculus pentacam and ultrasonic pachymetry","International Ophthalmology","2008","10.1007/s10792-007-9143-9","63","agreement; corneal thickness; corneal pachymetry; scheimpflug imaging; ultrasound; diagnostic techniques, ophthalmological; photography; reproducibility of results; ultrasonography; camera; controlled clinical trial; cornea thickness; correlation analysis; correlation coefficient; diagnostic accuracy; diagnostic value; human experiment; intermethod comparison; normal human; regression analysis; reliability; saudi arabia","Department of Ophthalmology, College of Medicine, King Saud University, Riyadh 11321, PO Box 230387, Saudi Arabia; Diabetes Research Center, College of Medicine, King Saud University, Riyadh 11321, PO Box 230387, Saudi Arabia; The Eye Consultants Center, Riyadh, Saudi Arabia"
"Akhtar S.; Bron A.J.; Salvi S.M.; Hawksworth N.R.; Tuft S.J.; Meek K.M.","Ultrastructural analysis of collagen fibrils and proteoglycans in keratoconus","Acta Ophthalmologica","2008","10.1111/j.1755-3768.2007.01142.x","109","collagen fibril; keratoconus; proteoglycans; collagen; corneal stroma; disease progression; microfibrils; microscopy, electron; severity of illness index; tissue distribution; blue dye; collagen fiber; dye; glutaraldehyde; proteoglycan; unclassified drug; cell degeneration; cornea cell; disease course; disease severity; electron microscopy; human cell; protein analysis; protein content; protein localization; protein structure","School of Optometry and Vision Sciences, Cardiff University, Cardiff, United Kingdom; Department of Optometry and Vision Sciences, College of Applied Medical Sciences, King Saud University, Riyadh 11433, PO Box 1019, Saudi Arabia; Nuffield Laboratory of Ophthalmology, Oxford University, Oxford, United Kingdom; Department of Ophthalmology, Royal Glamorgan Hospital, Llantrisant, United Kingdom; Department of Clinical Ophthalmology, Moorfields Eye Hospital, London, United Kingdom"
"Tabbara K.F.","Pharmacologic strategies in the prevention and treatment of corneal transplant rejection","International Ophthalmology","2008","10.1007/s10792-007-9100-7","43","allograft; autograft; corneal; corticosteroids; corneal graft rejection; transplantation; administration, topical; keratoplasty; glucocorticoids; immunosuppressive agents; transplantation, homologous; aciclovir; antibiotic agent; antivirus agent; azathioprine; calcium; cidofovir; corticosteroid; cyclopentolate; cyclosporin; daclizumab; famciclovir; ganciclovir; hla a antigen; hla b antigen; homatropine; idoxuridine; leflunomide; major histocompatibility antigen; methylprednisolone acetate; mycophenolic acid 2 morpholinoethyl ester; prednisolone; prednisolone acetate; rapamycin; tacrolimus; triamcinolone acetate; trifluridine; unindexed drug; valaciclovir; vidarabine; virgan; vitamin d; bedtime dosage; congenital cornea dystrophy; corneal disease; corneal edema; cornea opacity; cornea preservation; cornea vascularization; cost effectiveness analysis; drug cost; drug efficacy; drug mechanism; drug penetration; drug response; drug safety; drug tissue level; early diagnosis; eye disease; graft preservation; corneal graft survival; hematologic disease; herpes simplex keratitis; histocompatibility; immunological tolerance; immunopathogenesis; incidence; keratoconus; low drug dose; microsurgery; osteoporosis; penetrating keratoplasty; pharmaceutical care; preoperative evaluation; primary prevention; surgical equipment; surgical risk","The Eye Center and The Eye Foundation for Research in Ophthalmology, Riyadh 11534, P.O. Box 55307, Saudi Arabia"
"Al-Kharashi SA, Al-Obailan MM, Almohaimeed M, Al-Torbak AA.","Deep anterior lamellar Keratoplasty","Saudi J Ophthalmol","2009","10.1016/j.sjopt.2009.10.004","0","corneal scarring; deep lamellar; keratoconus; keratoplasty; lamellar keratoplasty; cataract; cell loss; choroid hemorrhage; descemet's membrane; donor; endothelium; glaucoma; corneal graft rejection; penetrating keratoplasty; retina detachment; retina macula cystoid edema; scar; transplantation",""
"Al-Ageel S.; Al-Muammar A.M.","Comparison of central corneal thickness measurements by Pentacam, noncontact specular microscope, and ultrasound pachymetry in normal and post-LASIK eyes","Saudi Journal of Ophthalmology","2009","10.1016/j.sjopt.2009.10.002","29","central corneal thickness; noncontact specular microscopy; scheimpflug imaging; ultrasound pachymetry; controlled clinical trial; cornea thickness; device; intermethod comparison; keratomileusis; microscope; patient assessment; specular microscopy; statistical significance; ultrasound","Department of Ophthalmology, College of Medicine, King Saud University, Riyadh, Saudi Arabia"
"Hamdi I.M.","Optical and topographic changes in keratoconus after implantation of ferrara intracorneal ring segments","Journal of Refractive Surgery","2010","10.3928/1081597X-20100114-05","12","corneal stroma; corneal topography; keratoconus; prostheses and implants; prosthesis implantation; refraction, ocular; plastic; aberrometry; correlation analysis; implant; intracorneal ring segments; keratometry; measurement; modulation transfer function; school child","Ophthalmology Department, Faculty of Medicine, Ain Shams University, Cairo, Egypt; Cornea and Refractive Surgery Department, Magrabi Eye and Ear Center, Jeddah, Saudi Arabia"
"Abdelghaffar W.; Hantera M.; Elsabagh H.","Corneal collagen cross-linking: Promises and problems","British Journal of Ophthalmology","2010","10.1136/bjo.2010.188342","9","collagen; corneal stroma; cross-linking reagents; riboflavin; ultraviolet therapy; keratoplasty; cornea ulcer; cross linking; disease course; keratoconus; keratopathy; myopia; photorefractive keratectomy; ultraviolet a radiation","Benha University, Benha, Egypt; Maghrabi Centre, Dammam, Saudi Arabia"
"Tabbara KF.","Corneal ectasia following LASIK","Saudi J Ophthalmol","2011","10.1016/j.sjopt.2011.05.002","0","relaxin; clinical effectiveness; corneal disease; corneal ectasia; family history; heredity; keratoconjunctivitis; keratoconus; keratomileusis; patient safety; pregnancy; refractive surgery; virus keratitis; visual impairment",""
"Anwar H.M.; El-Danasoury A.M.; Hashem A.N.","Corneal collagen crosslinking in the treatment of infectious keratitis","Clinical Ophthalmology","2011","10.2147/opth.s24532","60","ccl; riboflavin; ultraviolet-a; amphotericin b; cefuroxime; ciprofloxacin; collagen; fluorometholone; gentamicin; infectoflam; medio cross; unclassified drug; abscess; antibiotic sensitivity; bacterial keratitis; bacterium culture; cross linking; disease severity; drug dose reduction; drug substitution; drug treatment failure; drug withdrawal; eye pain; keratitis; keratomycosis; nonhuman; penetrating keratoplasty; radiotherapy; rehabilitation care; scar formation; staphylococcus aureus; treatment response; ultraviolet a radiation; visual impairment; visual system examination","Magrabi Eye Hospital, Jeddah, Saudi Arabia"
"Said A, Hamade IH, Tabbara KF.","Late onset corneal ectasia after LASIK surgery","Saudi J Ophthalmol","2011","10.1016/j.sjopt.2011.05.003","0","adenoviral keratoconjunctivitis; adenovirus; corneal ectasia; corneal topography; keratoconus; lasik; corneal disease; cornea thickness; eye examination; immunoaffinity chromatography; keratoconjunctivitis; keratometry; keratomileusis; polymerase chain reaction",""
"Arenas E.; Esquenazi S.; Anwar M.; Terry M.","Lamellar Corneal Transplantation","Survey of Ophthalmology","2012","10.1016/j.survophthal.2012.01.009","64","alk; corneal surgery; corneal transplants; deep anterior lamellar keratoplasty; descemet membrane endothelial keratoplasty; descemet stripping automated endothelial keratoplasty; keratoplasty; penetrating keratoplasty; corneal diseases; descemet stripping endothelial keratoplasty; epikeratophakia; anterior lamellar keratoplasty; automated lamellar therapeutic keratoplasty; bacterial keratitis; chemical burn; congenital cornea dystrophy; corneal disease; cornea rodent ulcer; corneal stroma; deep aterior lamellar keratoplasty; deep lamellar endothelial keratoplasty; endophthalmitis; glaucoma; graft dysfunction; corneal graft failure; corneal graft rejection; corneal graft survival; keratitis; keratomycosis; keratopathy; nonhuman; patient selection; pellucid marginal degeneration; posterior lamellar keratoplasty; postoperative infection; pterygium; recurrent disease; superficial aterior lamellar keratoplasty; terrien marginal degeneration","Fundacion Santa Fe de Bogota, Bogota, Colombia; LSU Eye Center and LSU Neuroscience Center, Louisiana State University Health Sciences Center, New Orleans, LA, United States; Magrabi Eye Hospital, Jeddah, Saudi Arabia; Devers Eye Institute, Portland, OR, United States"
"Akhtar S.","Effect of processing methods for transmission electron microscopy on corneal collagen fibrils diameter and spacing","Microscopy Research and Technique","2012","10.1002/jemt.22083","9","cuprolinic blue; glutaraldehyde; osmium tetroxide; sodium acetate buffer; spurr's resin; collagen; high resolution transmission electron microscopy; lead compounds; sodium compounds; tissue; uranium compounds; collagen fibrils; corneal tissues; fibril diameters; glutaraldehydes; human corneal; processing method; sodium-acetate buffer; spurr resin; resins","Department of Optometry, College of Applied Medical Sciences, King Saud University, Riyadh, Saudi Arabia"
"Al-Mahmood A.M.; Al-Swailem S.A.; Edward D.P.","Glaucoma and corneal transplant procedures","Journal of Ophthalmology","2012","10.1155/2012/576394","35","corneal; keratoplasty; glaucoma; glaucoma corneal; transplant; transplant procedures","Department of Ophthalmology, Ministry of Health, Manama 12, Bahrain; Division of Anterior Segment, King Khaled Eye Specialists Hospital, Riyadh 11462, Saudi Arabia; Wilmer Eye Institute, Johns Hopkins University, School of Medicine, Baltimore, MD 21287, United States"
"El-Moatassem Kotb A.M.; Hantera M.","Efficacy and safety of intacs SK in moderate to severe keratoconus","Middle East African Journal of Ophthalmology","2013","10.4103/0974-9233.106386","8","intracorneal ring segments; intralase; keratoconus; biocompatible materials; corneal stroma; corneal topography; prostheses and implants; prosthesis implantation; refraction, ocular; dexamethasone plus tobramycin; contact lens; cornea surgery; cornea thickness; corneal pachymetry; device safety; disease classification; disease severity; eye refraction; hyperopia; intrastromal corneal ring segment; keratometry; keratopathy; ophthalmic femtosecond laser; postoperative care; reoperation; slit lamp","Department of Ophthalmology, Ain-Shams university, Cairo, Abbasyia square, Egypt; International Medical Center, Dubai, United Arab Emirates; Department of Opththalmology, Magrabi Eye Hospitals, Saudi Arabia"
"Al-Mohaimeed MM.","Penetrating keratoplasty for keratoconus: visual and graft survival outcomes","Int J Health Sci (Qassim)","2013","10.12816/0006023","0","graft; corneal graft survival; keratoconus; keratoconus visual; keratoplasty; keratoplasty keratoconus; outcomes; penetrating; penetrating keratoplasty; survival; survival outcomes; visual; visual graft",""
"Al-Torbak A.A.","Deep anterior lamellar keratoplasty for pellucid marginal degeneration","Saudi Journal of Ophthalmology","2013","10.1016/j.sjopt.2012.04.001","15","corneal ectasias; lamellar keratoplasty; pellucid marginal degeneration; verteporfin; astigmatism; corneal disease; cornea neovascularization; corneal perforation; deep anterior lamellar keratoplasty; descemet's membrane; graft dysfunction; graft versus host reaction; intraocular pressure; keratoplasty; peroperative complication; photodynamic therapy; saudi arabia","Department of Ophthalmology, College of Medicine, Al-Qasseem University and the Anterior Segment Division, King Khaled Eye Specialist Hospital, Riyadh, Saudi Arabia"
"Bialasiewicz A.; Edward D.P.","Corneal ectasias: Study cohorts and epidemiology","Middle East African Journal of Ophthalmology","2013","10.4103/0974-9233.106379","8","cohort studies; dilatation, pathologic; keratoconus; middle east; contact lens; corneal disease; corneal dystrophy; cornea ectasia; cornea thickness; disease severity; ethnic difference; gene identification; genetic linkage; genotype phenotype correlation; morbidity; penetrating keratoplasty; proteomics; treatment indication","Department of Ophthalmology, Al Ahli Hospital, Doha, PO Box 6401, Qatar; Department of Research, King Khaled Eye Specialist Hospital, Riyadh, Saudi Arabia"
"Rohrbach M.; Spencer H.L.; Porter L.F.; Burkitt-Wright E.M.M.; Bürer C.; Janecke A.; Bakshi M.; Sillence D.; Al-Hussain H.; Baumgartner M.; Steinmann B.; Black G.C.M.; Manson F.D.C.; Giunta C.","ZNF469 frequently mutated in the brittle cornea syndrome (BCS) is a single exon gene possibly regulating the expression of several extracellular matrix components","Molecular Genetics and Metabolism","2013","10.1016/j.ymgme.2013.04.014","74","brittle cornea; genetic heterogeneity; keratoconus; keratoglobus; prdm5 and znf469; single exon gene; clusterin; dorzolamide plus timolol; eye drops; glypican 6; latanoprost; messenger rna; procollagen c proteinase; protein; thrombospondin; unclassified drug; astigmatism; autosomal recessive disorder; brittle cornea syndrome; connective tissue disease; keratoplasty; exon; extracellular matrix; gene; gene control; gene mutation; glaucoma; hearing impairment; homozygosity; prdm5 gene; preschool child; reverse transcription polymerase chain reaction; school child; spectacles; strabismus; znf469 gene","Division of Metabolism, Connective Tissue Unit and Children's Research Center, University Children's Hospital, Zurich, Switzerland; Genetic Medicine Research Centre, Institute of Human Development, Faculty of Medical and Human Sciences, The University of Manchester, United Kingdom; St. Mary's Hospital, Central Manchester University Hospitals NHS Foundation Trust, Manchester Academic Health Science Centre, Manchester, United Kingdom; Division of Human Genetics, Innsbruck Medical University, Innsbruck, Austria; Department of Clinical Genetics, Children's Hospital at Westmead, Westmead NSW, Sydney, Australia; King Khaled Eye Specialist Hospital, Division of Oculoplastics and Orbit, Saudi Arabia"
"Alkharashi M.; Alharbi Z.; Daoud Y.J.","Corneal cross-linking","Expert Review of Ophthalmology","2014","10.1586/17469899.2014.927310","1","corneal collagen cross-linking; corneal ectasia; infectious keratitis; refractive surgery; riboflavin; corneal disease; corneal edema; corneal epithelium; corneal stroma; cornea surgery; corneal collagen cross linking; keratitis; keratoconus; keratomileusis; operation duration; patient safety; photoactivation; post laser in situ keratomileusis keratectasia; ultraviolet a radiation","King Saud University, Riyadh, Saudi Arabia; King Saud Bin Abdulaziz University for Health Sciences, Riyadh, Saudi Arabia; Wilmer Eye Institute, Johns Hopkins University, Baltimore, MD 21287, 600 North Wolfe Street, United States"
"Khattak A.; Cheema H.R.","Unexpected overcorrection with femtosecond laser-assisted astigmatic keratotomy following deep anterior lamellar keratoplasty","JCRS Online Case Reports","2014","10.1016/j.jcro.2014.06.005","5","moxifloxacin; prednisolone acetate; astigmatic keratotomy; astigmatism; deep anterior lamellar keratoplasty; keratoconus; keratoplasty; keratotomy; ophthalmic femtosecond laser; postoperative corneal astigmatism","Dhahran Eye Specialist Hospital, Dhahran, Saudi Arabia; Royal College of Surgeons in Ireland, Dublin, Ireland"
"Pirouzian A.; Randy Craven E.","Critical appraisal of loteprednol ointment, gel, and suspension in the treatment of postoperative inflammation and pain following ocular and corneal transplant surgery","Clinical Ophthalmology","2014","10.2147/OPTH.S30278","10","eye; inflammation; keratoplasty; loteprednol; pain; difluprednate; fluorometholone; loteprednol etabonate; placebo; prednisolone acetate; rimexolone; absence of side effects; adverse outcome; cataract; cataract extraction; conjunctival hyperemia; corneal edema; drug efficacy; drug receptor binding; drug safety; drug structure; drug tolerability; eye inflammation; eye pain; intraocular pressure; iritis; peer review; photophobia; postoperative inflammation; postoperative pain; vernal conjunctivitis","Department of Ophthalmology, King Khaled Eye Specialist Hospital, Riyadh, Saudi Arabia; Wilmer Eye Institute, Johns Hopkins University, Baltimore, MD, United States"
"Płociniczak L.; Okrasiński W.; Nieto J.J.; Domínguez O.","On a nonlinear boundary value problem modeling corneal shape","Journal of Mathematical Analysis and Applications","2014","10.1016/j.jmaa.2014.01.010","19","boundary-value problem; corneal topography; estimates","Institute of Mathematics and Computer Science, Wroclaw University of Technology, 50-372 Wroclaw, ul. Janiszewskiego 14a, Poland; Departamento de Análise Matemática, Universidade de Santiago de Compostela, 15782 Santiago de Compostela, Spain; Department of Mathematics, Faculty of Science, King Abdulaziz University, Jeddah 21589, P.O. Box 80203, Saudi Arabia; Departamento de Análisis Matemático, Facultad de Matemáticas, Universidad Complutense de Madrid, 28040 Madrid, Plaza de Ciencias 3, Spain"
"Alzuhairy S.; Alkatan H.M.; Al-Rajhi A.A.","Prevalence and histopathological characteristics of corneal stromal dystrophies in Saudi Arabia","Middle East African Journal of Ophthalmology","2015","10.4103/0974-9233.151975","21","corneal dystrophy; histopathology; keratoplasty; saudi arabia; corneal dystrophies, hereditary; penetrating keratoplasty; prevalence; demography; descemet's membrane; granular corneal dystrophy; lamellar keratoplasty; lattice corneal dystrophy; school child","Ophthalmology Department, College of Medicine, Al-Qassim University, Riyadh, Saudi Arabia; Department of Pathology and Laboratory Medicine, KKESH, P.O. Box 7191, Riyadh, 11462, Saudi Arabia; College of Medicine, Al-Faisal University and Al-Hokama Eye Specialist Center, Riyadh, Saudi Arabia"
"Khattak A, Nakhli FR, Cheema HR.","Corneal collagen crosslinking for progressive keratoconus in Saudi Arabia: One-year controlled clinical trial analysis","Saudi J Ophthalmol","2015","10.1016/j.sjopt.2015.02.005","0","collagen crosslinking; corneal ectasia; keratoconus; riboflavin; ultraviolet a; controlled clinical trial; cornea surgery; corneal collagen crosslinking; eye refraction; keratometry; corneal pachymetry; saudi arabia; short course therapy; tertiary health care; treatment duration",""
"Al-Arfai KM, Yassin SA, Al-Beshri AS, Al-Jindan MY, Al-Tamimi ER.","Indications and techniques employed for keratoplasty in the Eastern province of Saudi Arabia: 6 years of experience","Ann Saudi Med","2015","10.5144/0256-4947.2015.387","0","cicatrix; corneal diseases; keratoplasty; descemet stripping endothelial keratoplasty; keratoconus; saudi arabia; corneal disease; corneal dystrophy; corneal scarring; descriptive research; keratopathy; keratoprosthesis; penetrating keratoplasty; treatment indication; statistics and numerical data",""
"Spadea L, De Rosa V.","Current techniques of lamellar keratoplasty for keratoconus","Saudi Med J","2016","10.15537/smj.2016.2.12985","0","keratoplasty; keratoconus; astigmatism; biomicroscopy; cornea surgery; deep anterior lamellar keratoplasty; lamellar keratoplasty; microkeratome; optical coherence tomography; refraction error; visual system function",""
"Al-Raddadi H.S.; Al-Barry M.A.; Al-Harbi E.; Samman M.I.; Albalawi A.M.; Basit S.","Sequence analysis of the VSX1 and SOD1 genes in families with Keratoconus and a review of the literature","Journal of Taibah University Medical Sciences","2016","10.1016/j.jtumed.2015.08.004","5","keratoconus; saudi families; sod1 gene; vsx1 gene; copper zinc superoxide dismutase; genomic dna; microrna; microrna 184; protein; unclassified drug; vsx1 protein; autosomal recessive inheritance; blood sampling; exon; gene sequence; homozygosity; pedigree; phenotype","College of Medicine, Taibah University, Almadinah Almunawwarah, Saudi Arabia; Center for Genetics and Inherited Diseases, Taibah University, Almadinah Almunawwarah, Saudi Arabia"
"Khattak A, Nakhli FR, Abdullatif Abouollo HM.","Morphometric changes of corneal endothelial cells following intracameral air for micro perforation of the Descemet Membrane during big-bubble deep anterior lamellar keratoplasty","Saudi J Ophthalmol","2016","10.1016/j.sjopt.2016.01.003","0","corneal endothelial cells; keratoconus; keratoplasty; pleomorphism; polymegathism; acetazolamide; moxifloxacin; prednisolone acetate; air; anterior eye chamber; cataract; cell density; cell structure; central corneal thickness; cornea endothelium; cornea thickness; deep anterior lamellar keratoplasty; descemet membrane endothelial keratoplasty; endothelium cell; intervention study; intracameral air; morphometrics; myopia",""
"Ahmad S.; Mathews P.M.; Lindsley K.; Alkharashi M.; Hwang F.S.; Ng S.M.; Aldave A.J.; Akpek E.K.","Boston Type 1 Keratoprosthesis versus Repeat Donor Keratoplasty for Corneal Graft Failure: A Systematic Review and Meta-analysis","Ophthalmology","2016","10.1016/j.ophtha.2015.09.028","69","artificial organs; corneal diseases; corneal graft rejection; corneal graft survival; penetrating keratoplasty; prostheses and implants; reoperation; caribbean; cochrane library; comorbidity; keratoplasty; glaucoma; corneal graft failure; hand movement; keratoconjunctivitis sicca; keratoprosthesis; meta analysis; ocular surface disease; ophthalmology; repeat donor keratoplasty; systematic review; tertiary care center; tertiary health care; united states; artificial organ; prostheses and orthoses","Wilmer Eye Institute, Johns Hopkins University, School of Medicine, 600 North Wolfe Street, Baltimore, 21287-9238, MD, United States; Department of Epidemiology, Johns Hopkins Bloomberg School of Public Health, Baltimore, MD, United States; Cornea and Refractive Surgery Services, Jules Stein Eye Institute, Los Angeles, CA, United States; Cornea and External Disease, Kresge Eye Institute, Wayne State University, Detroit, MI, United States; King Saud University, Riyadh, Saudi Arabia"
"Al Sabaani N.; Al Malki S.; Al Jindan M.; Al Assiri A.; Al Swailem S.","Femtosecond astigmatic keratotomy for postkeratoplasty astigmatism","Saudi Journal of Ophthalmology","2016","10.1016/j.sjopt.2016.04.003","16","astigmatic keratotomy; astigmatism; femtosecond; antibiotic agent; artificial tear; steroid; best spectacle corrected visual acuity; corneal disease; corneal perforation; cornea thickness; corneal pachymetry; corneal scar; femtosecond astigmatic keratotomy; intervention study; keratitis; keratoconus; keratopathy; keratoplasty; keratotomy; ophthalmic femtosecond laser; pachymeter; postkeratoplasty astigmatism; preoperative period; uncorrected visual acuity","King Khalid University, Abha, Saudi Arabia; King Khaled Eye Specialist Hospital, Riyadh, Saudi Arabia; Dammam University, Dammam, Saudi Arabia"
"Khairallah A.S.","Outcome of repeat penetrating keratoplasty in eyes with failed penetrating keratoplasty","Saudi Medical Journal","2016","10.15537/smj.2016.9.14075","6","penetrating keratoplasty; reoperation; treatment failure; comorbidity; intraocular pressure","Division of Ophthalmology, Department of Surgery, College of Medicine, King Khalid University, Abha, Saudi Arabia; King Khaled Eye Specialist Hospital, Riyadh, Saudi Arabia"
"Padmanabhan P.; Rachapalle Reddi S.; Rajagopal R.; Natarajan R.; Iyer G.; Srinivasan B.; Narayanan N.; Lakshmipathy M.; Agarwal S.","Corneal Collagen Cross-Linking for Keratoconus in Pediatric Patients - Long-Term Results","Cornea","2017","10.1097/ICO.0000000000001102","83","corneal collagen cross-linking; pediatric keratoconus; progressive keratoconus; collagen; corneal pachymetry; corneal stroma; corneal topography; cross-linking reagents; keratoconus; photochemotherapy; photosensitizing agents; retinoscopy; riboflavin; ultraviolet-a; astigmatism; bandage contact lens; conservative treatment; cornea thickness; corneal collagen crosslinking; best corrected visual acuity; eye refraction; keratometry; long term survival; photosensitization; spectacles; ultraviolet a radiation","Department of Cornea and Refractive Surgery, Medical Research Foundation, 41 College Rd, Sankara Nethralaya, Chennai, 600 006, India"
"Alamri A.M.","Calcineurin inhibitor in corneal transplantation","Bahrain Medical Bulletin","2017","10.12816/0047760","0","brimonidine; dorzolamide plus timolol; moxifloxacin; prednisolone; tacrolimus; best corrected visual acuity; burning sensation; keratoplasty; drug dose reduction; drug efficacy; drug safety; drug substitution; drug tolerability; drug withdrawal; corneal graft rejection; intraocular hypertension; keratoconus; penetrating keratoplasty; treatment duration","Department of Surgery, King Khalid University, P.O. Box 641, Abha, 61421, Saudi Arabia"
"Alghamdi A.","Evaluation of clinical effectiveness of intrastromal corneal ring segments among keratoconus patients; [角膜基质环植入术治疗圆锥角膜的临床疗效]","International Eye Science","2018","10.3980/j.issn.1672-5123.2018.8.02","0","femtosecond tunnels; intracorneal ring segments; keraring implantation; keratoconus; mechanical tunnels; clinical effectiveness; eye examination; intervention study; uncorrected visual acuity","Faculty of Medicine, Department of Ophthalmology, Ophthalmology Unit, Taif University, Taif, 21974, Saudi Arabia"
"Alsabaani N.A.; Abubaker A.; Almalki S.","Implantable collamer lens for the correction of post-keratoplasty myopia and astigmatism; [后房型人工晶状体植入用于角膜移植术后近视和散光的矫正]","International Eye Science","2018","10.3980/j.issn.1672-5123.2018.6.01","3","astigmatism; myopia; post-keratoplasty; ]implantable collamer lens; cycloplegic agent; levofloxacin; local anesthetic agent; steroid; vasodilator agent; best corrected visual acuity; general condition improvement; iridotomy; keratoplasty; laser surgery; lens implantation; patient safety; postoperative care; preoperative care; treatment contraindication; treatment duration","Department of Ophthalmology, College of Medicine, King Khalid University, Abha, 61421, Saudi Arabia; Department of Ophthalmology, King Khalid Hospital, Najran, 55461, Saudi Arabia; King Khalid Eye Specialist Hospital, Riyadh, 11462, Saudi Arabia"
"Khairallah A.","Descemet stripping automated endothelial keratoplasty (DSAEK) versus repeat penetrating keratoplasty (PKP) to manage eyes with failed corneal graft","Annals of Saudi Medicine","2018","10.5144/0256-4947.2018.36","5","corneal diseases; keratoplasty; descemet stripping endothelial keratoplasty; corneal graft rejection; penetrating keratoplasty; reoperation; saudi arabia; tonometry, ocular; eye drops; prednisolone acetate; best corrected visual acuity; comparative effectiveness; cornea injury; cornea neovascularization; drug dose reduction; corneal graft failure; intraocular pressure; keratoconus; keratopathy; repeat procedure; scar; treatment failure; corneal disease; oculoplethysmography","Department of Ophthalmology, King Khaled University, Abha, Saudi Arabia"
"Althomali TA, Al-Qurashi IM, Al-Thagafi SM, Mohammed A, Almalki M.","Prevalence of keratoconus among patients seeking laser vision correction in Taif area of Saudi Arabia","Saudi J Ophthalmol","2018","10.1016/j.sjopt.2017.11.003","0","laser vision correction; prevalence of keratoconus; saudi arabia; sub-clinical keratoconus; altitude; astigmatism; consanguinity; ethnicity; geographic distribution; help seeking behavior; hyperopia; keratoconus; laser refractive surgery; myopia; sex difference",""
"Alrajhi L.S.; Bokhary K.A.; Al-Saleh A.A.","Measurement of anterior segment parameters in Saudi adults with myopia","Saudi Journal of Ophthalmology","2018","10.1016/j.sjopt.2018.04.007","11","anterior chamber; corneal astigmatism; corneal thickness; myopia; scheimpflug imaging; anterior chamber volume; anterior eye chamber depth; anterior eye segment; apex corneal thickness; astigmatism; central corneal thickness; corneal volume; disease severity; saudi; thinnest corneal thickness; visual system parameters","Optometry and Vision Science, College of Applied Medical Science, King Saud University, Riyadh, Saudi Arabia; AlHokama Eye Specialist Center, Riyadh, Saudi Arabia"
"Abdelkader A.","Changes in Corneal Wound Healing and Graft Biomechanics after Primary Penetrating Keratoplasty Versus Repeat Penetrating Keratoplasty","Cornea","2019","10.1097/ICO.0000000000001928","1","confocal microscopy; corneal hysteresis; corneal resistance factor; ora; repeat penetrating keratoplasty; wound healing; biomechanical phenomena; corneal diseases; elasticity; penetrating keratoplasty; microscopy, confocal; reoperation; biomechanics; cornea cell; cornea injury; keratopathy; lattice corneal dystrophy; corneal disease","Department of Ophthalmology, Faculty of Medicine, Aseer, Saudi Arabia; Department of Ophthalmology, Al-Azhar University, Cairo, Egypt"
"Al-Qurashi M, Al Sabaani N, Al Malki S.","Comparison of manual and femtosecond laser arcuate keratotomy procedures for the correction of post-keratoplasty astigmatism","Saudi J Ophthalmol","2019","10.1016/j.sjopt.2018.11.001","0","astigmatism; best corrected visual acuity; keratometry; keratoplasty; keratotomy; laser surgery; manual arcuate keratotomy; medical device complication; perforation",""
"Khattak A.; anNakhli F.","Five-year endothelial cell count post penetrating keratoplasty using internationally-transported corneal donor tissue","Saudi Journal of Ophthalmology","2019","10.1016/j.sjopt.2018.10.005","1","corneal endothelial cell loss; corneal endothelial pleomorphism; corneal endothelial polymegathism; penetrating keratoplasty; immunosuppressive agent; bacterial keratitis; capsule opacification; cell count; cell density; cornea donor; cornea endothelium; endothelium cell; corneal graft rejection; corneal graft survival; immunosuppressive treatment; keratoconjunctivitis; keratoconus; keratotomy; laser surgery; macular degeneration; recurrent disease; tissue preservation; viral conjunctivitis; virus keratitis","Dhahran Eyes Specialist Hospital, Dhahran, Eastern Province, P.O. Box: 39455, Zip: 31942, Saudi Arabia"
"Al-Shabeeb R.; Almadhi N.; Kirat O.","Late-onset spontaneous Descemet's membrane detachment post penetrating keratoplasty in a patient with congenital glaucoma","Saudi Journal of Ophthalmology","2020","10.4103/1319-4534.310417","1","congenital glaucoma; descemet's membrane detachment; penetrating keratoplasty; antiglaucoma agent; corneal edema; cornea thickness; descemet's membrane; descemet membrane detachment; eye injury; imaging; intraocular pressure; late onset disorder; optical coherence tomography; phacoemulsification; slit lamp microscopy; technology; vision","Department of Ophthalmology, Anterior Segment Division, King Khalid Eye Specialist Hospital, Riyadh, Saudi Arabia"
"Khattak A.; An-Nakhli F.","Incidence and quantification of corneal haze by Pentacam Scheimpflug densitometry following photorefractive keratectomy for myopia in virgin and post corneal transplant eyes with dark irides","Saudi Journal of Ophthalmology","2020","10.4103/1319-4534.301295","9","corneal haze; keratoplasty; myopia; photorefractive keratectomy; scheimpflug system","Dhahran Eyes Specialist Hospital, Eastern Province, Saudi Arabia"
"Alaraj A.; Alameer A.; Al-Swailem S.","Medium-term clinical outcomes of deep anterior lamellar keratoplasty versus penetrating keratoplasty for macular corneal dystrophy","Clinical Ophthalmology","2021","10.2147/OPTH.S317971","7","keratoplasty; lamellar keratoplasty; corneal dystrophy; penetrating keratoplasty","Anterior Segment Division, Department of Ophthalmology, King Khaled Eye Specialist Hospital, Riyadh, Saudi Arabia; Department of Ophthalmology, College of Medicine, Qassim University, Qassim, Saudi Arabia; Ophthalmology Division, Surgery Department, King Abdullah bin Abdulaziz University Hospital, Riyadh, Saudi Arabia"
"Alazzam M.B.; Alghamdi A.S.; Alshamrani S.S.","RETRACTED: Corneal Biomechanics Computational Analysis for Keratoconus Diagnosis","Computational and Mathematical Methods in Medicine","2021","10.1155/2021/6126503","9","biomechanics; data handling; graphic methods; learning systems; 2-d histograms; biomechanical characteristics; computational analysis; corneal biomechanics; image segments; machine learning techniques; model representation; neural-networks; corneal pachymetry; significance levels; artificial neural network; computer analysis; deep learning; diagnostic accuracy; diagnostic test accuracy study; europe; histogram; image segmentation; iraq; keratoconus; machine learning; oculoplethysmography; scoring system; sensitivity and specificity","Faculty of Computer Science and Informatics, Amman Arab University, Jordan; Department of Computer Engineering, Collage of Computers and Information Technology, Taif University, P.O.Box 11099, Taif, 21944, Saudi Arabia; Department of Information Technology, College of Computer and Information Technology, Taif University, P.O. Box 11099, Taif, 21944, Saudi Arabia"
"Hussain N.A.; Figueiredo F.C.; Connon C.J.","Use of biomaterials in corneal endothelial repair","Therapeutic Advances in Ophthalmology","2021","10.1177/25158414211058249","15","biomaterials; keratoplasty; descemet’s membrane (dm); corneal endothelial cells; scaffold; tissue engineering","University of Jeddah, Jeddah, Saudi Arabia; Biosciences Institute, Faculty of Medical Sciences, Newcastle University, Newcastle upon Tyne, United Kingdom; Biosciences Institute, Faculty of Medical Sciences, Newcastle University, Newcastle upon Tyne, NE1 7RU, United Kingdom; Biosciences Institute, Faculty of Medical Sciences, Newcastle University, Newcastle upon Tyne, United Kingdom; Department of Ophthalmology, Royal Victoria Infirmary, Newcastle upon Tyne Hospitals NHS Foundation Trust, Newcastle upon Tyne, United Kingdom"
"Eldanasoury A.; Tolees S.; Bains H.S.","Phakic intraocular lens in keratoconus","New Frontiers for the Treatment of Keratoconus","2021","10.1007/978-3-030-66143-4_7","0","corneal ectasia; implantable collamer lens; keratoconus; phakic intraocular lens","Department of Ophthalmology, Magrabi Hospital, Jeddah, Saudi Arabia; Sight By Design, Edmonton, AB, Canada"
"Gomes J.A.P.; Rodrigues P.F.; Lamazales L.L.","Keratoconus epidemiology: A review","Saudi Journal of Ophthalmology","2022","10.4103/sjopt.sjopt_204_21","61","corneal ectasia; keratoconus; prevalence","Department of Ophthalmology and Visual Sciences, Paulista Medical School, Federal University of São Paulo (EPM/UNIFESP), Sao Paulo, Brazil"
"Alshehri O, Abdelaal AM, Abudawood G, Khan MA, Alsharif S, Hijazi H, AlQassimi A.","Normative Values for Corneal Tomography and Comparison of Both Eyes in Young Saudi Males with 20/20 Vision Using Pentacam-HR Scheimpflug Imaging","Clin Ophthalmol","2022","10.2147/OPTH.S376411","0","corneal topography; normative values; scheimpflug imaging; saudi arabia; anterior eye chamber depth; astigmatism; cornea curvature; cornea thickness; corneal diameter; keratometry; saudi; tomography; visual system examination; visual system function",""
"Pellegrini M.; Furiosi L.; Salgari N.; D'Angelo S.; Zauli G.; Yu A.C.; Busin M.","Accuracy of intraocular lens power calculation for cataract surgery after deep anterior lamellar keratoplasty","Clinical and Experimental Ophthalmology","2022","10.1111/ceo.14026","9","cataract surgery; deep anterior lamellar keratoplasty; intraocular lens power calculation; keratoplasty; axial length, eye; biometry; cataract; lens implantation, intraocular; lenses, intraocular; optics and photonics; phacoemulsification; refraction, ocular; barrett universal ii formula; cataract extraction; corneal disease; diagnostic accuracy; diagnostic test accuracy study; emmetropia verifying optical formula; eye refraction; friedman test; haigis formula; hoffer q formula; hoffer qst formula; holladay 1 formula; holladay ii formula; intermethod comparison; intraocular lens power formula; italy; kane and srk t formula; myopia; prediction error; spherical equivalent; visual system examination; visual system parameters; eye axis length; lens implant; lens implantation; optics","Department of Translational Medicine, University of Ferrara, Ferrara, Italy; Department of Ophthalmology, Ospedali Privati Forlì “Villa Igea”, Forlì, Italy; Istituto Internazionale per la Ricerca e Formazione in Oftalmologia (IRFO), Forlì, Italy; Department of Neuroscience and Rehabilitation, University of Ferrara, Ferrara, Italy; Research Department, King Khaled Eye Specialist Hospital, Riyadh, Saudi Arabia"
"Bakhsh AM, Elwan SAM, El-Atris TM, Al-Salowle AM, Alsamnan MS.","Combined corneal wavefront-guided transepithelial photorefractive keratectomy and accelerated corneal collagen cross-linking following intracorneal ring segment implantation in management of moderate keratoconus","Saudi J Ophthalmol","2022","10.4103/sjopt.sjopt_26_20","0","corneal collagen cross-linking; best corrected visual acuity; higher-order aberrations; intracorneal ring segment implantation; keratoconus; transepithelial photorefractive keratectomy; uncorrected distance visual acuity",""
"Al-Swailem SA.","A need to maximize updates on detecting keratoconus","Saudi J Ophthalmol","2022","10.4103/sjopt.sjopt_100_22","0","cytokine; artificial intelligence; biomechanics; brillouin optical microscopy; keratoplasty; corneal thickness; editor; keratoconus; keratometry; microscopy; point of care testing; protein blood level; refractive surgery; scientific literature",""
"Padmanabhan P.; Lopes B.T.; Eliasy A.; Abass A.; Elsheikh A.","In Vivo Biomechanical Changes Associated With Keratoconus Progression","Current Eye Research","2022","10.1080/02713683.2022.2058020","21","biomechanical; deterioration; keratoconus; progression; ssi; biomechanical phenomena; corneal topography; elasticity; tomography; biomechanics; cornea curvature; cornea thickness; corneal collagen crosslinking; best corrected visual acuity; disease association; disease exacerbation; in vivo study; ophthalmoscopy; preoperative evaluation; rigidity; slit lamp microscopy; keratometry","Department of Cornea and Refractive Surgery, Sankara Nethralaya, Chennai, India; School of Engineering, University of Liverpool, Liverpool, United Kingdom; Department of Ophthalmology, Federal University of São Paulo, São Paulo, Brazil; Department of Production Engineering and Mechanical Design, Faculty of Engineering, Port Said University, Port Fuad, Egypt; Beijing Advanced Innovation Center for Biomedical Engineering, Beihang University, Beijing, China; Moorfields Eye Hospital NHS Foundation Trust and UCL Institute of Ophthalmology, National Institute for Health Research (NIHR) Biomedical Research Centre for Ophthalmology, London, United Kingdom"
"Al Qahtani NA, Abahussin MO, Assiri AA.","Demographic and clinical variations of keratoconus in Saudi population","Saudi J Ophthalmol","2022","10.4103/sjopt.sjopt_43_20","0","demography; geography; keratoconus",""
"Alfayyadh M.A.; AlAbdulhadi H.A.; Ahad M.A.","Macular phototoxicity after corneal crosslinking","JCRS Online Case Reports","2022","10.1097/j.jcro.0000000000000078","1","riboflavin; cataract extraction; corneal collagen crosslinking; fluorescence angiography; interferometry; macular phototoxicity; ophthalmoscopy; optical coherence tomography; phototoxicity; retinal pigment epithelium; slit lamp microscopy; spectral domain optical coherence tomography","Ophthalmology Department, Prince Mutaib bin Abdulaziz Hospital, Aljouf, Skaka, Saudi Arabia; Cornea and Anterior Segment Division, King Khaled Eye Specialist Hospital, Riyadh, Saudi Arabia"
"Alkharashi M.; Otaif W.; Al-Essa R.S.","Infectious Keratitis in Corneal Graft following Astigmatic Keratotomy: A Case Report and Literature Review","Case Reports in Ophthalmology","2022","10.1159/000527013","1","astigmatic keratotomy; femtosecond; infectious keratitis; penetrating keratoplasty; cefazolin; ceftazidime; moxifloxacin; prednisolone acetate; anterior eye chamber; astigmatism; best corrected visual acuity; corneal edema; keratoplasty; corneal endotheliitis; corneal scraping; drug dose reduction; emergency ward; epiphora; eye redness; keratoconus; laser assisted astigmatic keratotomy; laser refractive surgery; medical history; patient compliance; patient history of surgery; photophobia; postoperative care; prescription; scar formation; slit lamp microscopy; treatment duration","Department of Ophthalmology, College of Medicine, King Saud University, Riyadh, Saudi Arabia; Department of Ophthalmology, King Khalid University, Abha, Saudi Arabia"
"Pellegrini M.; Salgari N.; D'Angelo S.; Caruso L.; Franco E.; Bovone C.; Spena R.; Zauli G.; Busin M.; Yu A.C.","10-year experience with lamellar keratoplasty for the surgical Management of Paediatric Corneal Diseases","Acta Ophthalmologica","2022","10.1111/aos.15199","3","corneal diseases; keratoplasty; descemet stripping endothelial keratoplasty; endothelium, corneal; corneal graft survival; penetrating keratoplasty; dexamethasone; fluorometholone; netilmicin; steroid; bacterial keratitis; best corrected visual acuity; best spectacle corrected visual acuity; cataract; congenital hereditary endothelial dystrophy; corneal disease; corneal scarring; deep anterior lamellar keratoplasty; dry eye; corneal graft failure; corneal graft rejection; herpes simplex keratitis; herpetic corneal scarring; intraocular hypertension; keratoconus; lamellar keratoplasty; mushroom penetrating keratoplasty; overall survival; retina detachment; retransplantation; toxic epidermal necrolysis; vernal conjunctivitis; wound dehiscence; cornea endothelium","Department of Translational Medicine, University of Ferrara, Ferrara, Italy; Department of Ophthalmology, Ospedali Privati Forlì “Villa Igea”, Forlì, Italy; Istituto Internazionale per la Ricerca e Formazione in Oftalmologia, Forlì, Italy; Department of Neuroscience and Rehabilitation, University of Ferrara, Ferrara, Italy; Research Department, King Khaled Eye Specialist Hospital, Riyadh, Saudi Arabia"
"Aldairi W, AlQahtani R, Alzaid S, Mousa A, Khandekar R, Al-Swailem SA.","Accelerated versus conventional corneal collagen crosslinking: Short-term clinical outcomes in stabilizing keratoconus","Saudi J Ophthalmol","2022","10.4103/sjopt.sjopt_49_22","0","corneal collagen crosslinking; keratoconus; maximum keratometry; riboflavin",""
"Samivel R.; Alanazi S.A.; Almahuby I.S.; Khan A.A.; Kirat O.; Almutleb E.S.; Masmali A.M.","Translocation of pro-apoptotic proteins through basements membrane and hemidesmosome in the corneal epithelium of the keratoconus subjects","Journal of King Saud University - Science","2022","10.1016/j.jksus.2022.102328","1","basement's membrane; corneal epithelial basal cells; hemidesmosomes; human corneas; keratoconus; pro-apoptosis","Cornea Research Chair, Department of Optics and Vision Science, College of Applied Medical Sciences, King Saud University, Riyadh, Saudi Arabia; Department of Optics and Vision Science, College of Applied Medical Sciences, King Saud University, Riyadh, Saudi Arabia; Department of Ophthalmology, King Khalid Eye Specialist Hospital, Riyadh, Saudi Arabia"
"Alswailmi F.K.; Malik R.K.; Parrey M.U.R.; Siddiqi A.R.; Karimulla S.; Alanezi A.A.; Qamar R.; Azam M.; Ahmad A.","Rare Variants Residing in Novel Cis-Acting Element in Visual System Homeobox 1 and Their Contribution in the Pathogenesis of Keratoconus","Applied Sciences (Switzerland)","2023","10.3390/app13084888","2","cis-acting elements; keratoconus; mirna; rare variants; vsx1 gene","Department of Pharmacy Practice, College of Pharmacy, University of Hafr Al Batin, Hafr Al-Batin, 39911, Saudi Arabia; Translational Genomics Laboratory, Department of Biosciences, COMSATS University Islamabad, Islamabad, 45600, Pakistan; Faculty of Medicine, Northern Border University, Arar, 91431, Saudi Arabia; Department of Pharmaceutics, College of Pharmacy, University of Hafr Al Batin, Hafr Al-Batin, 39911, Saudi Arabia; Pakistan Academy of Sciences, Islamabad, 45600, Pakistan; Science and Technology Sector, ICESCO, Rabat, 10104, Morocco"
"Abdu M.; Gammoh Y.; Alla H.A.","Differences in Axial Length and Anterior Chamber Depth among Keratoconic, Myopic and Emmetropic Eyes","Pakistan Journal of Ophthalmology","2023","10.36351/pjo.v39i4.1607","0","anterior chamber depth; axial length; central corneal thickness; emmetropia; keratoconus; myopia","Faculty of Applied Medical Science, University of Jeddah, Saudi Arabia; Faculty of Optometry and Visual Science, University of Al-Neelain, Sudan; Faculty of Allied Medical Sciences, Al-Ahliyya Amman University, Amman, Jordan"
"Alswailmi F.K.","Role of HGF polymorphisms in the development of keratoconus in South Asian population","Electronic Journal of General Medicine","2023","10.29333/ejgm/12700","1","hepatocyte growth factor; keratoconus; sporadic keratoconus; genomic dna; scatter factor; blood sampling; corneal pachymetry; denaturation; dna extraction; erythrocyte; gene frequency; genetic polymorphism; genotype; genotyping; haplotype; incubation time; keratometry; polymerase chain reaction restriction fragment length polymorphism; single nucleotide polymorphism; transillumination","Department of Pharmacy Practice, College of Pharmacy, University of Hafr Al Batin, Hafr Al Batin, Saudi Arabia"
"Alatawi SK.","Quality of life of a sample of people with keratoconus in KSA","J Taibah Univ Med Sci","2023","10.1016/j.jtumed.2023.03.008","0","corrected visual acuity; keratoconus outcomes research questionnaire (korq); keratoconus stage; quality of life; demographics; health survey; keratoconus",""
"Al-Somali A.; Abouollo H.M.; Al-Jindan M.; Alothman A.; Alhataln H.","Corneal asphericity and its related factors","Medical Hypothesis, Discovery, and Innovation in Ophthalmology","2023","10.51329/mehdiophthal1479","1","asphericity; corneas; scheimpflug imaging; q value; reference value; refractive surgery; best corrected visual acuity; correlation coefficient; emmetropia; hyperopia; intraocular pressure; myopia; refraction error; saudi arabia; slit lamp microscopy; tonometry","Department of Ophthalmology, King Faisal University, Alahsa, Saudi Arabia; Department of Ophthalmology, Dharan Eye Specialist Hospital, Dharan, Saudi Arabia; Department of Ophthalmology, Imam Abdulrahman Bin Faisal University, Dammam, Saudi Arabia; Department of Ophthalmology, King Fahad Hospital, Hofuf, Saudi Arabia"
"Alsugayhi M.; Husain O.B.; Al-Swailem S.A.","Dislocation of implantable collamer lens following blunt trauma","American Journal of Ophthalmology Case Reports","2023","10.1016/j.ajoc.2022.101768","3","implantable collamer lens; keratoplasty; ocular trauma; phakic intraocular lens; specular microscopy; antibiotic agent; corticosteroid; anterior eye chamber; astigmatism; best corrected visual acuity; blunt trauma; blurred vision; conjunctival hyperemia; disease association; emergency ward; eye examination; eye injury; eye pain; eye surgery; high myopia; intraocular pressure; keratoconus; lens implantation; lens luxation; patient history of surgery; penetrating keratoplasty; photophobia; pigment cell; postoperative care; slit lamp microscopy; topical anesthesia; treatment duration; visual impairment","Anterior Segment Division, King Khaled Eye Specialist Hospital, Riyadh, Saudi Arabia; Ophthalmology Department, Prince Sultan Military Medical City, Riyadh, Saudi Arabia"
"Kalantan HA.","Unilateral keratoconus associated with iridocorneal endothelial syndrome: Case report","Saudi J Ophthalmol","2023","10.4103/sjopt.sjopt_159_22","0","iridocorneal endothelial syndrome; keratoconus; unilateral; bowman membrane; cell count; cornea lesion; descemet's membrane; disease association; disease duration; disease exacerbation; endothelium cell; eye synechia; gonioscopy; histopathology; intraocular pressure; keratometry; penetrating keratoplasty; pupil disease; slit lamp microscopy; specular microscopy; visual disorder",""
"Alsubhi A.H.; Alhindi N.; Abukhudair A.; Alsulami A.; Seraj H.; Morfeq H.","Safety and efficacy of a laser refractive procedure in eyes with previous keratoplasty: Systematic review and meta-analysis","Journal of Cataract and Refractive Surgery","2023","10.1097/j.jcrs.0000000000001256","2","astigmatism; keratoplasty; eye; refraction, ocular; vision tests; adverse outcome; clinical effectiveness; best corrected visual acuity; lasik; laser refractive surgery; meta analysis; patient safety; photorefractive keratectomy; spherical equivalent; systematic review; eye refraction; vision test","Faculty of Medicine, King Abdulaziz University, Rabigh, Saudi Arabia; Department of Ophthalmology, King Abdulaziz University Hospital, Jeddah, Saudi Arabia; Department of Ophthalmology, King Abdulaziz University, Jeddah, Saudi Arabia"
"Spena R.; Bovone C.; Ciarmatori N.; Pellegrini M.; Yu A.C.; Zauli G.; Busin M.","Microsporidial Stromal Keratitis in Post-Keratoplasty Eyes","Journal of Clinical Medicine","2023","10.3390/jcm12113706","1","keratoplasty; deep anterior lamellar keratoplasty; microsporidium; penetrating keratoplasty; post-keratoplasty infection; stromal keratitis; amikacin; amphotericin b; ceftazidime; fumagillin; vancomycin; voriconazole; antibiotic therapy; antiviral therapy; confocal microscopy; corneal edema; descemet stripping endothelial keratoplasty; drug megadose; corneal graft failure; histopathology; microsporidia; microsporidial keratitis; nonhuman; systemic therapy; topical treatment","Department of Translational Medicine, University of Ferrara, Ferrara, 44121, Italy; Department of Ophthalmology, Ospedali Privati Forlì “Villa Igea”, Forlì, 47122, Italy; Istituto Internazionale per la Ricerca e Formazione in Oftalmologia (IRFO), Forlì, 47122, Italy; Department of Environmental Sciences and Prevention, University of Ferrara, Ferrara, 44122, Italy; Research Department, King Khaled Eye Specialist Hospital, Riyadh, 11462, Saudi Arabia"
"Alabbasi OM, Vargas J, Al Mutlak M, Fairaq R, Al Saleh A.","Spherical equivalent pre- and post-implantable collamer lens implantation in patients with myopia, hyperopia, and stable keratoconus","Saudi J Ophthalmol","2023","10.4103/SJOPT.SJOPT_130_22","0","implantable collamer lens implantation; keratoconus; refractive errors; anterior eye chamber depth; anterior eye segment; astigmatism; hyperopia; lens implantation; myopia; preoperative evaluation; spherical equivalent",""
"Khashim Alswailmi F, Bokhari K, Aladaileh SH, A Alanezi A, Azam M, Ahmad A.","Protective and pathogenic role of collagen subtypes genes COL4A3 and COL4A4 polymorphisms in the onset of keratoconus in South-Asian Pakistani cohort","Saudi J Biol Sci","2023","10.1016/j.sjbs.2022.103503","0","col4a3; col4a4; collagen subtype genes; genetic polymorphisms; keratoconus",""
"Zorto A.D.; Sharif M.S.; Wall J.; Brahma A.; Alzahrani A.I.; Alalwan N.","An innovative approach based on machine learning to evaluate the risk factors importance in diagnosing keratoconus","Informatics in Medicine Unlocked","2023","10.1016/j.imu.2023.101208","7","deep learning; keratoconus, machine learning, risk factors; area under the curve; autosomal dominant inheritance; clinical assessment; corneal stroma; keratoplasty; corneal curvature; cross linking; decision making; degradation kinetics; early diagnosis; echocardiography; health status; keratoconus; keratometry; machine learning; multilayer perceptron; ophthalmologist; optical coherence tomography; corneal pachymetry; risk assessment; x chromosome","Intelligent Technologies Research Group, UEL, University Way, London, E16 2RD, United Kingdom; Manchester University NHS Foundation Trust, Manchester Royal Eye Hospital, Oxford Rd, Manchester, M13 9WL, United Kingdom; Computer Science Department, Community College, King Saud University, Riyadh, 11437, Saudi Arabia"
"Albuainain A.; Aldofyan M.Z.; Otaif W.; Al-Muammar A.; Alsubki H.; Alkatan H.M.","Successful management of a retained host Descemet's membrane after penetrating keratoplasty (PKP) — A case report","International Journal of Surgery Case Reports","2023","10.1016/j.ijscr.2023.108595","0","corneal decompensation; descemet's membrane; membranectomy; penetrating keratoplasty; yag laser; brimonidine; prednisolone acetate; anterior eye chamber; best corrected visual acuity; cataract extraction; cell count; cornea tissue; diabetes mellitus; endothelium cell; histopathology; intraocular pressure; keratectomy; keratopathy; lens implantation; optical coherence tomography; phacoemulsification; specular microscopy; subcapsular cataract; vision","Eye and Laser Center, Bahrain Defense Force Hospital, Royal Medical Services, Military Hospital, Riffa, Bahrain; Department of Ophthalmology, College of Medicine, King Saud University, Riyadh, Saudi Arabia; King Saud University Medical City, King Saud University, Riyadh, Saudi Arabia; Department of Pathology and Laboratory Medicine, College of Medicine, King Saud University, Riyadh, Saudi Arabia"
"Fahmy R.; Alandas S.","Contribution of Posterior Corneal Astigmatism to Total Corneal Astigmatism among Saudi Population","Open Ophthalmology Journal","2023","10.2174/0118743641267892231026102653","0","anterior corneal astigmatism; corneal topography; posterior corneal astigmatism; refractive surgery; toric iol; total corneal astigmatism; vector analysis; astigmatism; body meridian; emmetropia; eye axis length; eye examination; eye movement; intraocular pressure; keratometry; myopia; optical coherence tomography; physical parameters; refraction index; response surface method; saudi arabia; slit lamp microscopy; spherical equivalent; striate cortex","Department of Optometry, College of Applied Medical Science, King Saud University, Riyadh, Saudi Arabia; Department of Ophthalmology, Faculty of Medicine, Cairo University, Giza, Egypt"
"Al Ibrahim A.I.A.; Ali Aboalqasim A.M.; Namazi L.A.; Tawashi M.M.; Faqihi M.Y.; Farhan R.; Albayshi A.A.; Alubaie M.A.; Sayed M.Y.; Alnakhli R.E.; Aishaia F.I.; Aldossary S.B.; Alsubaie N.M.; Mubarek S.A.A.; Raeedi W.A.; Alhamdan A.M.; Hassani A.M.","Case Study: Optical Rehabilitation Remedies for a Patient with Keratoconus and Esophoria with Biochemical Aspects","Egyptian Journal of Chemistry","2024","10.21608/ejchem.2024.345498.11006","0","biochemical aspects; esophoria; keratoconus; rehabilitation","Ministry of Health, Saudi Arabia; King Saud Medical City, Ministry of Health, Saudi Arabia; King Saud Hospital for Obstetrics and Gynecology, Ministry of Health, Saudi Arabia; Al dar Albedha2, Ministry of Health, Riyadh, Saudi Arabia; King Saud Medical City, Saudi Arabia"
"Rahman R.; Kumar P.; Sharma Y.K.; Sharma M.; Challa N.K.","AI-Based Vision Screening Tool for Keratoconus","Lecture Notes in Electrical Engineering","2024","10.1007/978-981-97-5231-7_15","1","healthcare technology; image recognition; keratoconus; medical ai tools; vision screening tool; machine vision; medical image processing; vision aids; early diagnosis; early intervention; medical ai tool; screening tool; vision screening; visual functions; visual pathways","Glocal University, Saharanpur, India; Swami Rama Himalayan University (SRHU), Dehradun, India; ITS Engineering College, Greater Noida, India; Qassim University, Buraidah, Saudi Arabia"
"Almulhim A.; Alsarhani W.K.; Alanazi B.; Alfaleh A.; Aljindan M.; Al Malawi R.M.; Al-Somali A.","Outcomes of sutured scleral-fixated intraocular lens implantation combined with penetrating keratoplasty","BMC Ophthalmology","2024","10.1186/s12886-024-03603-6","1","keratoplasty; scleral-fixated lens implant; corneal diseases; penetrating keratoplasty; lens implantation, intraocular; lenses, intraocular; sclera; suture techniques; corneal disease; lens implant; lens implantation; suture technique","Department of Ophthalmology, College of Medicine, Jouf University, Sakakah, Al-Jouf, Saudi Arabia; Department of Ophthalmology and Vision Sciences, University of Toronto, 340 College Street, Toronto, M5T 3A9, ON, Canada; Department of Ophthalmology, King Faisal Specialist Hospital & amp; Research Centre, Riyadh, Saudi Arabia; Department of Ophthalmology, College of Medicine, Imam Abdulrahman Bin Faisal University, Dammam, Saudi Arabia; College of Computer and Information Sciences, Princess Nourah Bint Abdulrahman University, Riyadh, Saudi Arabia; Department of Ophthalmology, College of Medicine, King Faisal University, Al-Ahsa, Saudi Arabia"
"Lim J.; Abusayf M.M.; Liu Y.-C.; Mehta J.S.","Intraoperative Optical Coherence Tomography (OCT)-Guided Femtosecond Laser-Assisted Descemet Membrane Endothelial Keratoplasty (iFAD)","Bioengineering","2024","10.3390/bioengineering11121192","1","corneal surgery; femtosecond laser; intraoperative oct","Singapore National Eye Center, Singapore, 168751, Singapore; Singapore Eye Research Institute, Singapore, 169856, Singapore; Department of Ophthalmology, College of Medicine, King Saud University, Riyadh, 11362, Saudi Arabia; Ophthalmology and Visual Sciences Academic Clinical Programme, Duke-NUS Medical School, Singapore, 169857, Singapore"
"Eleiwa T.K.; Abd El-Azim Mohammed M.; Bayoumy A.S.M.","Scheimpflug Tomography as a Predictor of Corneal Edema After Phacoemulsification in Fuchs Endothelial Corneal Dystrophy","Clinical Ophthalmology","2024","10.2147/OPTH.S474788","1","cataract surgery; corneal edema; fuchs endothelial corneal dystrophy; scheimpflug imaging; phacoemulsification; dexamethasone; tobramycin; anterior corneal surface; case control study; cataract; cataract extraction; central corneal thickness; corneal thickness; depression; edema; endothelial keratoplasty; corneal pachymetry; slit lamp microscopy; thinnest corneal thickness; tomography; visual impairment","Department of Ophthalmology, Benha University, Benha, Egypt; Department of Ophthalmology, Magrabi Eye and Dental Hospital, Qassim, Saudi Arabia; Department of Ophthalmology, Mansoura Ophthalmic hospital, Mansoura, Egypt"
"Abusayf M.M.; Liu Y.-C.; Han E.; Yu I.L.X.; Riau A.K.; Mehta J.S.","One-Step Intraoperative Optical Coherence Tomography Guided Tunnel, Mushroom Femtosecond Laser Big Bubble Deep Anterior Lamellar Keratoplasty","Bioengineering","2024","10.3390/bioengineering11070639","3","deep anterior lamellar keratoplasty; femtosecond laser; intraoperative oct; intrastromal tunnel; mushroom configuration","Department of Ophthalmology, College of Medicine, King Saud University, Riyadh, 11362, Saudi Arabia; Cornea and External Eye Disease Service, Singapore National Eye Center, Singapore, 168751, Singapore; Tissue Engineering and Cell Therapy Group, Singapore Eye Research Institute, Singapore, 169856, Singapore; Ophthalmology Academic Clinical Program, Duke-NUS Graduate Medical School, Singapore, 169857, Singapore"
"Alhazmi A, Alsomali A, Algarni S, Althumairi A.","Pediatric keratoconus in a tertiary eye hospital in Eastern province, Saudi Arabia: Patient characteristics and management outcomes","Saudi J Ophthalmol","2024","10.4103/sjopt.sjopt_169_24","0","corneal collagen cross‑linking; dlk; keratoconus; keratoconus severity; pediatric; penetrating keratoplasty; anterior eye chamber depth; best corrected visual acuity; corneal collagen cross-linking; corneal thickness; corneal topography; deep lamellar endothelial keratoplasty; disease classification; disease severity assessment; family history; keratometry; lens implantation; quality of life; refraction error; saudi arabia; spherical equivalent; tertiary care center; uncorrected visual acuity; vernal conjunctivitis; visual disorder",""
"Fairaq R.; Helayel H.B.; Abdulhadi H.; Almuwarraee S.M.; Almatrafi S.A.; Alruwaili R.; AlDahan D.; Hameed S.T.; AlShehri M.; AlMutlak M.","Implantable Collamer Lens for Visual Rehabilitation in keratoconus - A Narrative Review of Visual and Refractive Outcomes","JFO Open Ophthalmology","2024","10.1016/j.jfop.2024.100131","1","corneal collagen cross-linking; corneal ectasia; intracorneal ring segments; keratoconus; quality of life; refractive surgery; spectacle independence; visual rehabilitation","Anterior Segment Division, King Khaled Eye Specialist Hospital, Riyadh, Saudi Arabia; Ministry of Health, Madinah, Saudi Arabia; Department of Ophthalmology, King Abdulaziz Specialist Hospital, Al Jouf, Saudi Arabia; Khamis Mushait General Hospital, Khamis Mushait, Saudi Arabia"
"Afifah A, Syafira F, Afladhanti PM, Dharmawidiarini D.","Artificial intelligence as diagnostic modality for keratoconus: A systematic review and meta-analysis","J Taibah Univ Med Sci","2024","10.1016/j.jtumed.2023.12.007","0","artificial; artificial intelligence; diagnostic; diagnostic modality; intelligence; intelligence diagnostic; keratoconus; keratoconus systematic; meta-analysis; modality; modality keratoconus; systematic; systematic meta-analysis",""
"Nardella M.; Yu A.C.; Busin M.; Rizzo R.; Zauli G.","Outcomes of Corneal Transplantation for Herpetic Keratitis: A Narrative Review","Viruses","2024","10.3390/v16091403","4","deep anterior lamellar keratoplasty; herpes simplex virus (hsv); herpetic keratitis; mushroom keratoplasty (mk); penetrating keratoplasty; antiviral agents; keratoplasty; keratitis, herpetic; simplexvirus; antivirus agent; antiviral activity; corneal disease; herpes simplex; herpes simplex keratitis; herpes simplex virus; mushroom; scar formation; scar tissue","Department of Translational Medicine, University of Ferrara, Ferrara, 44121, Italy; Department of Ophthalmology, Ospedali Privati Forlì “Villa Igea”, Forlì, 47122, Italy; Istituto Internazionale per la Ricerca e Formazione in Oftalmologia (IRFO), Forlì, 47122, Italy; Department of Chemical, Pharmaceutical and Agricultural Sciences, Ferrara, 44121, Italy; Research Department, King Khaled Eye Specialist Hospital, Riyadh, 12329, Saudi Arabia"
"Alzahrani K.; Alshehri J.; Brahma A.; Carley F.; Hillarby M.C.","Corneal imaging and densitometry measurements in patients with Fuchs’dystrophy undergoing penetrating keratoplasty and Descemet’s striping automated endothelial keratoplasty","OphthaTherapy. Therapies in Ophthalmology","2024","10.24292/01.OT.212124","0","densitometry; dystrophy; endothelial; fuchs; stroma","Division of Pharmacy and Optometry, School of Health Sciences, University of Manchester, United Kingdom; Manchester Royal Eye Hospital, Manchester, United Kingdom; Optometry Department, King Fahad Armed Forces Hospital, Saudi Arabia; Department of Optometry, Al Baha University, Saudi Arabia"
"Alibrahim A.; Shajeri M.A.; Tawashi M.M.; Alagsam A.A.M.; Abulqusim E.M.; Ng Y.G.","Using RGP Lens in a Keratoconic Down Syndrome Patient","Springer Series in Design and Innovation","2024","10.1007/978-3-031-60863-6_7","0","down syndrome; healthcare ergonomics; keratoconus; rigid gas permeable lenses","Department of Optometry, Ministry of Health, Jazan, Saudi Arabia; Faculty of Medicine, Jazan University, Jazan, Saudi Arabia; Faculty of Medicine and Health Sciences, Universiti Putra Malaysia, Selangor, Serdang, 43400, Malaysia"
"Showail M.; Aljuhani R.","Factors Associated with Willingness for Corneal Donation in the Western Region of Saudi Arabia","Clinical Ophthalmology","2025","10.2147/OPTH.S547289","0","awareness; corneal donation; keratoplasty; willingness; area under the curve; health care personnel; human experiment; knowledge; ophthalmologist; organ donor; saudi arabia; social desirability","Department of Ophthalmology, King Abdulaziz University Hospital, Jeddah, Saudi Arabia; Faculty of Medicine, King Abdulaziz University, Jeddah, Saudi Arabia"
"Baqalaqil D.; Alrayes R.S.; Khan A.A.; Albelowi A.; Alrehaili A.; Alasbool J.; Almansouri O.A.; Alabdulali R.H.; Alghanmi R.M.; Alqazlan Z.; Aalam W.A.","Comparing the Efficacy and Safety of Femtosecond Laser-Enabled Keratoplasty and Conventional Penetrating Keratoplasty: A Systematic Review and Meta-Analysis","Clinical Ophthalmology","2025","10.2147/OPTH.S538399","0","best corrected visual acuity; complications; cpk; flkp; postoperative astigmatism; uncorrected visual acuity; astigmatism; cell density; comparative effectiveness; corneal dystrophy; disease risk assessment; corneal endothelial cells; femtosecond laser enabled keratoplasty; fuchs endothelial corneal dystrophy; glaucoma; keratoplasty; meta analysis; microbial keratitis; penetrating keratoplasty; risk assessment; spherical equivalent; systematic review; wound dehiscence","Ophthalmology Department, National Guard Hospital, Medina, Saudi Arabia; Faculty of Medicine, Taibah University, Medina, Saudi Arabia; Faculty of Medicine, King Abdulaziz University, Jeddah, Saudi Arabia; Ophthalmology Department King Salman Bin Abdulaziz Medical City, Medina, Saudi Arabia; Mansoura University, Mansoura, Egypt; Faculty of Medicine, University of Tabuk, Tabuk, Saudi Arabia; Faculty of Medicine, Alfaisal University, Riyadh, Saudi Arabia; Department of Ophthalmology, ar Rass General Hospital, Ar Rass, Saudi Arabia; Department of Surgery, College of Medicine, University of Jeddah, Jeddah, Saudi Arabia"
"Al Saad M.; Shehadeh A.; Alryalat S.A.; Khawaldeh T.; Shaqqour R.; Al-Ani R.; Alqhaiwi S.B.; Shehadeh A.; Wahbeh L.; Alrawashdeh H.M.","Predictors for postpenetrating keratoplasty astigmatism: A retrospective cohort study","Saudi Journal of Ophthalmology","2025","10.4103/sjopt.sjopt_88_22","0","penetrating keratoplasty; predicting factors; significant astigmatism; astigmatism; corneal dystrophy; corneal topography; disease duration; jordan; keratometry; prevalence; reoperation; suture removal","Department of Special Surgery, Ophthalmology Division, School of Medicine, The University of Jordan, Jordan; Department of Ophthalmology, Rotherham NHS Foundation Trust, Rotherham, United Kingdom; Department of Radiology, Jordan University Hospital, Jordan; Department of Otorhinolaryngology, Jordan University Hospital, Jordan; Department of Radiation Oncology, King Hussein Cancer Center, Jordan; Department of Ophthalmology, National University Hospital, Singapore"
"Kirat O.; Naaman N.K.; Alsadoon A.; Bin Helayel H.; Fairaq R.","A modified technique of compression sutures combined with intracameral sulfur hexafluoride (SF6) for acute corneal hydrops","AJO International","2025","10.1016/j.ajoint.2025.100140","0","corneal ectasia; corneal hydrops; gas tamponade; keratoconus","Anterior Segment Division, King Khaled Eye Specialist Hospital, Riyadh, Saudi Arabia; College of Medicine, King Saud bin Abdulaziz University for Health Sciences, Jeddah, Saudi Arabia; King Abdullah International Medical Research Center, Jeddah, Saudi Arabia; Department of Ophthalmology, Ministry of National Guard - Health Affairs, Jeddah, Saudi Arabia; Fellowship and Residency Training Program, King Khaled Eye Specialist Hospital, Riyadh, Saudi Arabia"
"Kirat O.; Hawsawi R.; Alhilali S.","Central Corneal Subepithelial Haze Following Keratoplasty With Interrupted Sutures: A Novel Clinical Finding","International Medical Case Reports Journal","2025","10.2147/IMCRJ.S504331","0","haze; keratoplasty; subepithelial; sutures; artificial tear; prednisolone acetate; anterior eye segment; astigmatism; best corrected visual acuity; central corneal steepening; central corneal subepithelial haze; clinical assessment; corneal disease; corneal thickness; descriptive research; disease exacerbation; drug dose reduction; eye photography; interrupted suture; keratoconus; keratometry; lamellar keratoplasty; maximum keratometry value; mean keratometry value; operation duration; optical coherence tomography; penetrating keratoplasty; scar formation; slit lamp microscopy; suture removal; suture technique; uncorrected visual acuity; visual system parameters","Anterior Segment Division, King Khaled Eye Specialist Hospital, Riyadh, Saudi Arabia"
