PMID,Title,Authors,Citation,First Author,Journal/Book,Publication Year,Create Date,PMCID,NIHMS ID,DOI
"37408717","Understanding Corneal Epithelial Thickness Mapping","Alghamdi A, Khan MS, Dakhil TA.","Middle East Afr J Ophthalmol. 2023 May 25;29(3):147-155. doi: 10.4103/meajo.meajo_207_22. eCollection 2022 Jul-Sep.","Alghamdi A","Middle East Afr J Ophthalmol","2023","2023/07/06","PMC10319081","","10.4103/meajo.meajo_207_22"
"39917039","Demographic and Clinical Characteristics of Patients with Corneal Ectasia at Multiple Medical Centers in Saudi Arabia: A Hospital-based Study","Alghamdi W, Aldakhil S, Alrasheed SH, Allinjawi K, Abdu M, Mutwaly RF, Al Rashah K, Ghazal HM, Radwan GH, Challa NK.","Oman Med J. 2024 Jul 31;39(4):e649. doi: 10.5001/omj.2024.88. eCollection 2024 Jul.","Alghamdi W","Oman Med J","2024","2025/02/07","PMC11799876","","10.5001/omj.2024.88"
"35860103","Keratoconus detected by corneal topography in patients seeking refractive surgery in Jazan region, Saudi Arabia: A retrospective cross-sectional study","Abuallut I, Ageeli A, Shami M, Bosaily M, Majrashi A, Shabaan S, Moafa M, Zakri W, Abdulazim A, Barakat W.","Ann Med Surg (Lond). 2022 May 24;79:103790. doi: 10.1016/j.amsu.2022.103790. eCollection 2022 Jul.","Abuallut I","Ann Med Surg (Lond)","2022","2022/07/21","PMC9289235","","10.1016/j.amsu.2022.103790"
"31741868","The correlation between keratoconus and eye rubbing: a review","Najmi H, Mobarki Y, Mania K, Altowairqi B, Basehi M, Mahfouz MS, Elmahdy M.","Int J Ophthalmol. 2019 Nov 18;12(11):1775-1781. doi: 10.18240/ijo.2019.11.17. eCollection 2019.","Najmi H","Int J Ophthalmol","2019","2019/11/20","PMC6848869","","10.18240/ijo.2019.11.17"
"16234439","Incidence and severity of keratoconus in Asir province, Saudi Arabia","Assiri AA, Yousuf BI, Quantock AJ, Murphy PJ.","Br J Ophthalmol. 2005 Nov;89(11):1403-6. doi: 10.1136/bjo.2005.074955.","Assiri AA","Br J Ophthalmol","2005","2005/10/20","PMC1772915","","10.1136/bjo.2005.074955"
"36156043","Accelerated Corneal Collagen Cross-Linking Protocols for Progressive Keratoconus: Systematic Review and Meta-analysis","Karam M, Alsaif A, Aldubaikhi A, Aljebreen M, Alazaz R, Alkhowaiter N, Almudhaiyan T, Aljassar F.","Cornea. 2023 Feb 1;42(2):252-260. doi: 10.1097/ICO.0000000000003124. Epub 2022 Sep 16.","Karam M","Cornea","2023","2022/09/26","","","10.1097/ICO.0000000000003124"
"31850179","Combined corneal CXL and photorefractive keratectomy for treatment of keratoconus: a review","Al-Mohaimeed MM.","Int J Ophthalmol. 2019 Dec 18;12(12):1929-1938. doi: 10.18240/ijo.2019.12.16. eCollection 2019.","Al-Mohaimeed MM","Int J Ophthalmol","2019","2019/12/19","PMC6901893","","10.18240/ijo.2019.12.16"
"38313875","Awareness of Keratoconus and Its Relationship With Eye Rubbing Among the Population of the Eastern Province of Saudi Arabia","AlSomali A, Almithn D, Alamer A, Al-Omair A, Almuhaysin F, Almulhim N.","Cureus. 2024 Jan 3;16(1):e51627. doi: 10.7759/cureus.51627. eCollection 2024 Jan.","AlSomali A","Cureus","2024","2024/02/05","PMC10837646","","10.7759/cureus.51627"
"33425513","Depression Among Keratoconus Patients in Saudi Arabia","Al-Dairi W, Al Sowayigh OM, Al Saeed AA, Alsaad A.","Cureus. 2020 Dec 6;12(12):e11932. doi: 10.7759/cureus.11932.","Al-Dairi W","Cureus","2020","2021/01/11","PMC7785487","","10.7759/cureus.11932"
"39465030","Pediatric keratoconus in a tertiary eye hospital in Eastern province, Saudi Arabia: Patient characteristics and management outcomes","Alhazmi A, Alsomali A, Algarni S, Althumairi A.","Saudi J Ophthalmol. 2024 Sep 27;38(3):261-267. doi: 10.4103/sjopt.sjopt_169_24. eCollection 2024 Jul-Sep.","Alhazmi A","Saudi J Ophthalmol","2024","2024/10/28","PMC11503975","","10.4103/sjopt.sjopt_169_24"
"35971488","Demographic and clinical variations of keratoconus in Saudi population","Al Qahtani NA, Abahussin MO, Assiri AA.","Saudi J Ophthalmol. 2022 Jul 11;36(1):42-46. doi: 10.4103/sjopt.sjopt_43_20. eCollection 2022 Jan-Mar.","Al Qahtani NA","Saudi J Ophthalmol","2022","2022/08/16","PMC9375460","","10.4103/sjopt.sjopt_43_20"
"37606498","The Lifetime Expenditure in People with Keratoconus in Saudi Arabia","Al-Atawi S, Alghamdi A, Alzahrani K.","Vision (Basel). 2023 Aug 3;7(3):52. doi: 10.3390/vision7030052.","Al-Atawi S","Vision (Basel)","2023","2023/08/22","PMC10443371","","10.3390/vision7030052"
"40008187","Assessment of awareness of keratoconus and its relation to eye rubbing among Saudi Arabia population","Alqasimi NA, Aljohani LH, Ambrósio R Jr, AlQahtani BS, Al Haydar NS, Alanazi BR, Alfurayhan DT, Hussain Saber LS, Alsalem FS, Alqahtani NA, Vargas JM.","Front Ophthalmol (Lausanne). 2025 Feb 11;5:1545030. doi: 10.3389/fopht.2025.1545030. eCollection 2025.","Alqasimi NA","Front Ophthalmol (Lausanne)","2025","2025/02/26","PMC11850373","","10.3389/fopht.2025.1545030"
"38633569","Keratometric Outcomes after Simultaneous versus Sequential Intracorneal Ring Segment Implantation with Femtosecond Laser and Corneal Collagen Crosslinking in Egyptian Patients with Keratoconus and Ectasia","Nasrat MM, Abdelsalam AM, Goily MB, Eldib AA, Hegazy GA.","J Microsc Ultrastruct. 2022 Sep 6;12(1):35-42. doi: 10.4103/jmau.jmau_80_21. eCollection 2024 Jan-Mar.","Nasrat MM","J Microsc Ultrastruct","2022","2024/04/18","PMC11019591","","10.4103/jmau.jmau_80_21"
"38590463","Prevalence of Keratoconus in the Young Eastern Population of Saudi Arabia","Khattak A, Altalhi A, Alotaibi AB, Khattak AM.","Cureus. 2024 Mar 6;16(3):e55692. doi: 10.7759/cureus.55692. eCollection 2024 Mar.","Khattak A","Cureus","2024","2024/04/09","PMC11000036","","10.7759/cureus.55692"
"37389763","Transepithelial corneal crosslinking with oxygen enhancement and pulsed light for progressive ectasia: one-year results","Eldanasoury A, Abdelazeem E, Ayesh K, Bains H.","Int Ophthalmol. 2023 Oct;43(10):3733-3745. doi: 10.1007/s10792-023-02784-1. Epub 2023 Jun 30.","Eldanasoury A","Int Ophthalmol","2023","2023/06/30","","","10.1007/s10792-023-02784-1"
"32020151","Corneal elevation indices and pachymetry values of Saudi myopes using scheimpflug imaging","Alsaif NK, Al-Sharif EM, Alsaif SK, Mousa A, Al-Muammar AM.","Saudi Med J. 2020 Feb;41(2):168-176. doi: 10.15537/smj.2020.2.24876.","Alsaif NK","Saudi Med J","2020","2020/02/06","PMC7841643","","10.15537/smj.2020.2.24876"
"26586973","Corneal collagen crosslinking for progressive keratoconus in Saudi Arabia: One-year controlled clinical trial analysis","Khattak A, Nakhli FR, Cheema HR.","Saudi J Ophthalmol. 2015 Oct-Dec;29(4):249-54. doi: 10.1016/j.sjopt.2015.02.005. Epub 2015 Mar 16.","Khattak A","Saudi J Ophthalmol","2015","2015/11/21","PMC4625220","","10.1016/j.sjopt.2015.02.005"
"29298777","Prevalence of keratoconus in paediatric patients in Riyadh, Saudi Arabia","Torres Netto EA, Al-Otaibi WM, Hafezi NL, Kling S, Al-Farhan HM, Randleman JB, Hafezi F.","Br J Ophthalmol. 2018 Oct;102(10):1436-1441. doi: 10.1136/bjophthalmol-2017-311391. Epub 2018 Jan 3.","Torres Netto EA","Br J Ophthalmol","2018","2018/01/05","","","10.1136/bjophthalmol-2017-311391"
"39583418","Awareness of Keratoconus Among the Population of Taif City, Saudi Arabia: A Cross-Sectional Study","Alshehri AM, Bajunaid M, Althobaiti RA, Althobaiti H, Alkhathami A, Taha AA.","Cureus. 2024 Oct 22;16(10):e72170. doi: 10.7759/cureus.72170. eCollection 2024 Oct.","Alshehri AM","Cureus","2024","2024/11/25","PMC11582384","","10.7759/cureus.72170"
"34079417","Keratoconus Epidemiology Presentations at Najran Province, Saudi Arabia","Alzahrani K, Al-Rashah A, Al-Salem S, Al-Murdif Y, Al-Rashah A, Alrashah A, Al-Faify N, Ibrahim M.","Clin Optom (Auckl). 2021 May 27;13:175-179. doi: 10.2147/OPTO.S309651. eCollection 2021.","Alzahrani K","Clin Optom (Auckl)","2021","2021/06/03","PMC8166355","","10.2147/OPTO.S309651"
"38136930","Association between Polymorphism rs61876744 in PNPLA2 Gene and Keratoconus in a Saudi Cohort","Kondkar AA, Azad TA, Sultan T, Khatlani T, Alshehri AA, Lobo GP, Kalantan H, Al-Obeidan SA, Al-Muammar AM.","Genes (Basel). 2023 Nov 21;14(12):2108. doi: 10.3390/genes14122108.","Kondkar AA","Genes (Basel)","2023","2023/12/23","PMC10742661","","10.3390/genes14122108"
"37602110","Prevalence of Psychiatric Illness Among Keratoconus Patients","Alfardan F, Alsanad MH, Altoub HA.","Cureus. 2023 Jul 19;15(7):e42141. doi: 10.7759/cureus.42141. eCollection 2023 Jul.","Alfardan F","Cureus","2023","2023/08/21","PMC10438187","","10.7759/cureus.42141"
"31852976","PPIP5K2 and PCSK1 are Candidate Genetic Contributors to Familial Keratoconus","Khaled ML, Bykhovskaya Y, Gu C, Liu A, Drewry MD, Chen Z, Mysona BA, Parker E, McNabb RP, Yu H, Lu X, Wang J, Li X, Al-Muammar A, Rotter JI, Porter LF, Estes A, Watsky MA, Smith SB, Xu H, Abu-Amero KK, Kuo A, Shears SB, Rabinowitz YS, Liu Y.","Sci Rep. 2019 Dec 18;9(1):19406. doi: 10.1038/s41598-019-55866-5.","Khaled ML","Sci Rep","2019","2019/12/20","PMC6920454","","10.1038/s41598-019-55866-5"
"22443804","Safety and efficacy of simultaneous corneal collagen cross-linking with topography-guided PRK in managing low-grade keratoconus: 1-year follow-up","Tuwairqi WS, Sinjab MM.","J Refract Surg. 2012 May;28(5):341-5. doi: 10.3928/1081597X-20120316-01. Epub 2012 Mar 26.","Tuwairqi WS","J Refract Surg","2012","2012/03/27","","","10.3928/1081597X-20120316-01"
"36600839","Awareness About Keratoconus and Its Relation With Eye Rubbing: A Cross-Sectional Study in Medina","Kordi ES, Almokhtar AM, Alshareef EK, Alkayyal AA, Alharbi JO, Alharbi AH.","Cureus. 2022 Nov 29;14(11):e32030. doi: 10.7759/cureus.32030. eCollection 2022 Nov.","Kordi ES","Cureus","2022","2023/01/05","PMC9800344","","10.7759/cureus.32030"
"37206192","Quality of life of a sample of people with keratoconus in KSA","Alatawi SK.","J Taibah Univ Med Sci. 2023 Mar 31;18(5):1157-1169. doi: 10.1016/j.jtumed.2023.03.008. eCollection 2023 Oct.","Alatawi SK","J Taibah Univ Med Sci","2023","2023/05/19","PMC10189266","","10.1016/j.jtumed.2023.03.008"
"32983439","Corneal parameters 18 Months following collagen cross-linkage treatment (CXL) for keratoconus in western Saudi Arabia: A prospective cohort study","Bamahfouz A, Jouhargy S, Basheikh A, Alqahtani N, Elhams Y, Aldosari A, Khattab F, Alkhoutani E, Alfaqih K.","Ann Med Surg (Lond). 2020 Sep 9;59:1-4. doi: 10.1016/j.amsu.2020.09.010. eCollection 2020 Nov.","Bamahfouz A","Ann Med Surg (Lond)","2020","2020/09/28","PMC7494823","","10.1016/j.amsu.2020.09.010"
"38186449","The Level of Awareness of Keratoconus Among the General Population in Hail Region, Saudi Arabia","Alshammari ZA, Ali A, Alshammari LK, Alassaf OM, Alshehri AYA, AlSarhan R, Alanazi B.","Cureus. 2023 Dec 6;15(12):e50026. doi: 10.7759/cureus.50026. eCollection 2023 Dec.","Alshammari ZA","Cureus","2023","2024/01/08","PMC10767694","","10.7759/cureus.50026"
"34646634","Willingness and Motivation of Saudi Patients with Keratoconus to Participate in Clinical Trials","Al Mahfud SA, Al Saeed AA, Alsahly RJ, Binyousef FH, Alshabib NS, Alyousef NA, AlRubaian AA.","Cureus. 2021 Aug 30;13(8):e17580. doi: 10.7759/cureus.17580. eCollection 2021 Aug.","Al Mahfud SA","Cureus","2021","2021/10/14","PMC8480967","","10.7759/cureus.17580"
"33442228","Outcomes of Corneal Topography among Progressive Keratoconus Patients 12 months following Corneal Collagen Cross-Linking","AlQahtani BS, Alshahrani S, Khayyat WW, Abdalla-Elsayed MEA, Altalhi AA, Saifaldein AA, Taha MA.","Clin Ophthalmol. 2021 Jan 7;15:49-55. doi: 10.2147/OPTH.S284981. eCollection 2021.","AlQahtani BS","Clin Ophthalmol","2021","2021/01/14","PMC7800689","","10.2147/OPTH.S284981"
"37533612","Awareness of Keratoconus and Its Association With Eye Rubbing Among the Population in Aseer Province","Alamri A, Alrizqi AA, Aljohani AA, Alzahrani DA, Alassaf OM, Hamzi YA, Alharbi NM, Alharbi BA, Taha M Sr.","Cureus. 2023 Jul 2;15(7):e41271. doi: 10.7759/cureus.41271. eCollection 2023 Jul.","Alamri A","Cureus","2023","2023/08/03","PMC10391695","","10.7759/cureus.41271"
"39231723","Outcomes of Photorefractive Keratectomy After Corneal Graft: Brief Review","Khan MS, Gonzales AL 2nd, Kofi M, Alio JL.","Cornea. 2024 Dec 1;43(12):1592-1598. doi: 10.1097/ICO.0000000000003663. Epub 2024 Sep 3.","Khan MS","Cornea","2024","2024/09/04","","","10.1097/ICO.0000000000003663"
"32174733","Management of vernal keratoconjunctivitis in children in Saudi Arabia","AlHarkan DH.","Oman J Ophthalmol. 2020 Feb 17;13(1):3-12. doi: 10.4103/ojo.OJO_263_2018. eCollection 2020 Jan-Apr.","AlHarkan DH","Oman J Ophthalmol","2020","2020/03/17","PMC7050462","","10.4103/ojo.OJO_263_2018"
"40357455","Efficacy and Safety of Epi-On vs Epi-Off Corneal Cross-Linking in Corneal Ectasia: A Systematic Review and Meta-Analysis of Randomized Controlled Trials","Nughays RO, Bazayd AS, Alshamekh LA, Alshammari RA, Alenezi MA, Dahlan HY, Alsubhi JA, Alshammri SG, AlQurashi NA, Aldajani AH, Alrammah AH, Alenezi MN, Almutairi AA, Alomayri AF, Alghamdi S.","Clin Ophthalmol. 2025 May 8;19:1531-1541. doi: 10.2147/OPTH.S508618. eCollection 2025.","Nughays RO","Clin Ophthalmol","2025","2025/05/13","PMC12068400","","10.2147/OPTH.S508618"
"34785203","Corneal biomechanical properties following corneal cross-linking: Does age have an effect?","Alenezi B, Kazaili A, Akhtar R, Radhakrishnan H.","Exp Eye Res. 2022 Jan;214:108839. doi: 10.1016/j.exer.2021.108839. Epub 2021 Nov 14.","Alenezi B","Exp Eye Res","2022","2021/11/17","","","10.1016/j.exer.2021.108839"
"36729708","Corneal Densitometry to Assess the Corneal Cystine Deposits in Patients With Cystinosis","Biswas S, Alzahrani K, Radhakrishnan H.","Cornea. 2023 Mar 1;42(3):313-319. doi: 10.1097/ICO.0000000000003161. Epub 2022 Dec 12.","Biswas S","Cornea","2023","2023/02/02","","","10.1097/ICO.0000000000003161"
"37206182","Ocular manifestations of children with atopic dermatitis in Saudi Arabia","Raffa LH, Roblah TM, Balbaid NT, Zimmo BS, Showail MJ.","Int J Ophthalmol. 2023 May 18;16(5):787-793. doi: 10.18240/ijo.2023.05.17. eCollection 2023.","Raffa LH","Int J Ophthalmol","2023","2023/05/19","PMC10172096","","10.18240/ijo.2023.05.17"
"39188672","Assessment of Corneal Cross-Linking Effect on Progressive Keratoconus by Using the ABCD Grading System","Alzahrani M, Alammari O, Binyamin A, Alsulami R, Hawsawi R.","Clin Ophthalmol. 2024 Aug 22;18:2349-2355. doi: 10.2147/OPTH.S460464. eCollection 2024.","Alzahrani M","Clin Ophthalmol","2024","2024/08/27","PMC11346480","","10.2147/OPTH.S460464"
"35971494","A need to maximize updates on detecting keratoconus","Al-Swailem SA.","Saudi J Ophthalmol. 2022 Jul 11;36(1):1-2. doi: 10.4103/sjopt.sjopt_100_22. eCollection 2022 Jan-Mar.","Al-Swailem SA","Saudi J Ophthalmol","2022","2022/08/16","PMC9375465","","10.4103/sjopt.sjopt_100_22"
"31543667","Safety and Efficacy of Corneal Cross-linking in Pediatric Patients with Keratoconus and Vernal Keratoconjunctivitis","Alrobaian M, Elsayed M, Alotaibi AK, AlHarbi M, May W, Stone DU.","Middle East Afr J Ophthalmol. 2019 Aug 26;26(2):95-100. doi: 10.4103/meajo.MEAJO_240_18. eCollection 2019 Apr-Jun.","Alrobaian M","Middle East Afr J Ophthalmol","2019","2019/09/24","PMC6737785","","10.4103/meajo.MEAJO_240_18"
"37067693","Three-years outcomes of simultaneous photorefractive surgery and customized corneal cross-linking for keratoconus","Alkharashi MS, Al-Essa RS, Abusayf MM.","Int Ophthalmol. 2023 Aug;43(8):2963-2969. doi: 10.1007/s10792-023-02703-4. Epub 2023 Apr 17.","Alkharashi MS","Int Ophthalmol","2023","2023/04/17","","","10.1007/s10792-023-02703-4"
"23311743","Intracorneal ring segments implantation followed by same-day topography-guided PRK and corneal collagen CXL in low to moderate keratoconus","Al-Tuwairqi W, Sinjab MM.","J Refract Surg. 2013 Jan;29(1):59-63. doi: 10.3928/1081597X-20121228-04.","Al-Tuwairqi W","J Refract Surg","2013","2013/01/15","","","10.3928/1081597X-20121228-04"
"25254113","Genetics of keratoconus: where do we stand?","Abu-Amero KK, Al-Muammar AM, Kondkar AA.","J Ophthalmol. 2014;2014:641708. doi: 10.1155/2014/641708. Epub 2014 Aug 28.","Abu-Amero KK","J Ophthalmol","2014","2014/09/26","PMC4164130","","10.1155/2014/641708"
"36960261","Vision-Related Quality of Life in Patients With Keratoconus: A Nationwide Study in Saudi Arabia","Al-Dairi W, Al Dehailan AM, Alhammadi Y, Aljohar HI, Alhadi FA, Alhaboob ZA, Zakaria OM.","Cureus. 2023 Feb 19;15(2):e35178. doi: 10.7759/cureus.35178. eCollection 2023 Feb.","Al-Dairi W","Cureus","2023","2023/03/24","PMC10029697","","10.7759/cureus.35178"
"38283379","Artificial intelligence as diagnostic modality for keratoconus: A systematic review and meta-analysis","Afifah A, Syafira F, Afladhanti PM, Dharmawidiarini D.","J Taibah Univ Med Sci. 2024 Jan 1;19(2):296-303. doi: 10.1016/j.jtumed.2023.12.007. eCollection 2024 Apr.","Afifah A","J Taibah Univ Med Sci","2024","2024/01/29","PMC10821587","","10.1016/j.jtumed.2023.12.007"
"18520501","Corneal endothelial cell density and morphology after acute hydrops in keratoconus","Alsuhaibani AH, Al-Rajhi AA, Al-Motowa SM, Wagoner MD.","Cornea. 2008 Jun;27(5):535-8. doi: 10.1097/ICO.0b013e318165b92d.","Alsuhaibani AH","Cornea","2008","2008/06/04","","","10.1097/ICO.0b013e318165b92d"
"31384160","Corneal deposits following topical moxifloxacin use","Alshamrani AA, Alharbi SS.","Saudi J Ophthalmol. 2019 Apr-Jun;33(2):163-164. doi: 10.1016/j.sjopt.2018.04.006. Epub 2018 Apr 26.","Alshamrani AA","Saudi J Ophthalmol","2019","2019/08/07","PMC6664315","","10.1016/j.sjopt.2018.04.006"
"35992566","Normative Values for Corneal Tomography and Comparison of Both Eyes in Young Saudi Males with 20/20 Vision Using Pentacam-HR Scheimpflug Imaging","Alshehri O, Abdelaal AM, Abudawood G, Khan MA, Alsharif S, Hijazi H, AlQassimi A.","Clin Ophthalmol. 2022 Aug 13;16:2631-2637. doi: 10.2147/OPTH.S376411. eCollection 2022.","Alshehri O","Clin Ophthalmol","2022","2022/08/22","PMC9385131","","10.2147/OPTH.S376411"
"30233127","Corneal imaging and densitometry measurements in keratoconus patients to monitor disease progression and treatment outcomes after contact lens or Intacs treatment","Alzahrani K, Cristian C, Harper S, Carley F, Brahma A, Morley D, Hillarby MC.","Clin Ophthalmol. 2018 Sep 4;12:1653-1658. doi: 10.2147/OPTH.S168865. eCollection 2018.","Alzahrani K","Clin Ophthalmol","2018","2018/09/21","PMC6130308","","10.2147/OPTH.S168865"
"34937209","Visual outcomes and quality of life before and after photorefractive keratectomy","Bokhary KA, Alshamrani ES, Fahmy R.","Indian J Ophthalmol. 2022 Jan;70(1):65-70. doi: 10.4103/ijo.IJO_16_21.","Bokhary KA","Indian J Ophthalmol","2022","2021/12/23","PMC8917553","","10.4103/ijo.IJO_16_21"
"29200817","Evaluation of corneal symmetry after UV corneal crosslinking for keratoconus","Mofty H, Alzahrani K, Carley F, Harper S, Brahma A, Au L, Morley D, Hillarby MC.","Clin Ophthalmol. 2017 Nov 20;11:2043-2049. doi: 10.2147/OPTH.S143511. eCollection 2017.","Mofty H","Clin Ophthalmol","2017","2017/12/05","PMC5700762","","10.2147/OPTH.S143511"
"33810578","Automated Keratoconus Detection by 3D Corneal Images Reconstruction","Mahmoud HAH, Mengash HA.","Sensors (Basel). 2021 Mar 26;21(7):2326. doi: 10.3390/s21072326.","Mahmoud HAH","Sensors (Basel)","2021","2021/04/03","PMC8036293","","10.3390/s21072326"
"38155678","Spherical equivalent pre- and post-implantable collamer lens implantation in patients with myopia, hyperopia, and stable keratoconus","Alabbasi OM, Vargas J, Al Mutlak M, Fairaq R, Al Saleh A.","Saudi J Ophthalmol. 2023 Jul 15;37(4):327-330. doi: 10.4103/SJOPT.SJOPT_130_22. eCollection 2023 Oct-Dec.","Alabbasi OM","Saudi J Ophthalmol","2023","2023/12/29","PMC10752281","","10.4103/SJOPT.SJOPT_130_22"
"37916193","A Cross-Sectional Analysis to Assess the Role of Atopy in Keratoconus Among Saudi Population","Abuallut II, Alomaish AR, Arishy AM, Mashragi MA, Alfaifi KH, Alnamazi NA, Moafa AM, Mahfouz MS, Moafa MA, Jafaari SA, Alagsam AA, Albalawi HB, Jareebi MA.","Int J Gen Med. 2023 Oct 27;16:4873-4881. doi: 10.2147/IJGM.S421298. eCollection 2023.","Abuallut II","Int J Gen Med","2023","2023/11/02","PMC10617398","","10.2147/IJGM.S421298"
"38935251","Risk factors for corneal graft rejection after penetrating keratoplasty for keratoconus","Alsubaie H, Alrubaian A, Ahmad K, Ahad MA.","Int Ophthalmol. 2024 Jun 27;44(1):286. doi: 10.1007/s10792-024-02955-8.","Alsubaie H","Int Ophthalmol","2024","2024/06/27","","","10.1007/s10792-024-02955-8"
"29375990","5-year follow-up of combined non-topography guided photorefractive keratectomy and corneal collagen cross linking for keratoconus","Al-Amri AM.","Int J Ophthalmol. 2018 Jan 18;11(1):48-52. doi: 10.18240/ijo.2018.01.09. eCollection 2018.","Al-Amri AM","Int J Ophthalmol","2018","2018/01/30","PMC5767657","","10.18240/ijo.2018.01.09"
"35941409","Ocular emergencies visits after corneal transplantation at a tertiary eye care hospital in Saudi Arabia","Almudhaiyan T, AlAmry M, Khandekar R, AlGhadeer H.","Int Ophthalmol. 2022 Dec;42(12):3897-3904. doi: 10.1007/s10792-022-02410-6. Epub 2022 Aug 8.","Almudhaiyan T","Int Ophthalmol","2022","2022/08/08","","","10.1007/s10792-022-02410-6"
"10647723","Fluid lamellar keratoplasty in keratoconus","Amayem AF, Anwar M.","Ophthalmology. 2000 Jan;107(1):76-9; discussion 80. doi: 10.1016/s0161-6420(99)00002-0.","Amayem AF","Ophthalmology","2000","2000/01/27","","","10.1016/s0161-6420(99)00002-0"
"29564806","Prospective, randomized contralateral eye study of accelerated and conventional corneal cross-linking in pediatric keratoconus","Eissa SA, Yassin A.","Int Ophthalmol. 2019 May;39(5):971-979. doi: 10.1007/s10792-018-0898-y. Epub 2018 Mar 21.","Eissa SA","Int Ophthalmol","2019","2018/03/23","","","10.1007/s10792-018-0898-y"
"38176513","Glycosaminoglycans and collagen fibril distribution at various depths of the corneal stroma of normal and CXL treated rats","Akhtar S, Smedowski A, Khan AA, Debasi H, Mofty H, Samivel R, Almubrad T.","Exp Eye Res. 2024 Feb;239:109780. doi: 10.1016/j.exer.2024.109780. Epub 2024 Jan 2.","Akhtar S","Exp Eye Res","2024","2024/01/04","","","10.1016/j.exer.2024.109780"
"23847410","Outcome of corneal transplantation in a private institution in Saudi Arabia","Omar N, Bou Chacra CT, Tabbara KF.","Clin Ophthalmol. 2013;7:1311-8. doi: 10.2147/OPTH.S43719. Epub 2013 Jun 28.","Omar N","Clin Ophthalmol","2013","2013/07/13","PMC3700911","","10.2147/OPTH.S43719"
"24569587","Mitochondrial sequence changes in keratoconus patients","Abu-Amero KK, Azad TA, Kalantan H, Sultan T, Al-Muammar AM.","Invest Ophthalmol Vis Sci. 2014 Mar 20;55(3):1706-10. doi: 10.1167/iovs.14-13938.","Abu-Amero KK","Invest Ophthalmol Vis Sci","2014","2014/02/27","","","10.1167/iovs.14-13938"
"36439958","Protective and pathogenic role of collagen subtypes genes COL4A3 and COL4A4 polymorphisms in the onset of keratoconus in South-Asian Pakistani cohort","Khashim Alswailmi F, Bokhari K, Aladaileh SH, A Alanezi A, Azam M, Ahmad A.","Saudi J Biol Sci. 2023 Jan;30(1):103503. doi: 10.1016/j.sjbs.2022.103503. Epub 2022 Nov 17.","Khashim Alswailmi F","Saudi J Biol Sci","2023","2022/11/28","PMC9694102","","10.1016/j.sjbs.2022.103503"
"33681056","Awareness level of general population regarding keratoconus in Aseer region, Southern of Saudi Arabia","Al-Amri A, Alshamrani AS, Abo Tamraa AA, Alqahtani SA, Alotaibi KML, Almutairi KH.","J Family Med Prim Care. 2020 Dec 31;9(12):6153-6157. doi: 10.4103/jfmpc.jfmpc_1212_20. eCollection 2020 Dec.","Al-Amri A","J Family Med Prim Care","2020","2021/03/08","PMC7928116","","10.4103/jfmpc.jfmpc_1212_20"
"24722698","Association of mitochondrial haplogroups H and R with keratoconus in Saudi Arabian patients","Abu-Amero KK, Azad TA, Sultan T, Kalantan H, Kondkar AA, Al-Muammar AM.","Invest Ophthalmol Vis Sci. 2014 May 1;55(5):2827-31. doi: 10.1167/iovs.14-14300.","Abu-Amero KK","Invest Ophthalmol Vis Sci","2014","2014/04/12","","","10.1167/iovs.14-14300"
"38312308","Analysis of Scheimpflug Tomography Parameters for Detecting Subclinical Keratoconus in the Fellow Eyes of Patients with Unilateral Keratoconus in the Eastern Province of Saudi Arabia","Al Somali A, Najmi H, Alsawadi H, Alsawadi H, AlMalki A, Alhamoud M, Alhatlan H, Alwohaibi N.","Clin Ophthalmol. 2024 Jan 31;18:277-287. doi: 10.2147/OPTH.S443027. eCollection 2024.","Al Somali A","Clin Ophthalmol","2024","2024/02/05","PMC10838514","","10.2147/OPTH.S443027"
"16949446","Risk factors for corneal ectasia after LASIK","Tabbara KF, Kotb AA.","Ophthalmology. 2006 Sep;113(9):1618-22. doi: 10.1016/j.ophtha.2006.03.045.","Tabbara KF","Ophthalmology","2006","2006/09/05","","","10.1016/j.ophtha.2006.03.045"
"39513430","Bilateral Corneal Endotheliitis Following Corneal Cross-linking with Riboflavin and Ultraviolet A","Al-Othman AY, Algamdi SS.","Ann Afr Med. 2025 Jan 1;24(1):188-193. doi: 10.4103/aam.aam_136_23. Epub 2024 Nov 8.","Al-Othman AY","Ann Afr Med","2025","2024/11/08","PMC11837823","","10.4103/aam.aam_136_23"
"33625652","Indications, surgical procedures and outcomes of keratoplasty at a Tertiary University-based hospital: a review of 10 years' experience","Al-Sharif EM, Alkharashi M.","Int Ophthalmol. 2021 Mar;41(3):957-972. doi: 10.1007/s10792-021-01731-2. Epub 2021 Feb 24.","Al-Sharif EM","Int Ophthalmol","2021","2021/02/24","","","10.1007/s10792-021-01731-2"
"28763562","Chondroitin Sulfate-Based Biocompatible Crosslinker Restores Corneal Mechanics and Collagen Alignment","Wang X, Majumdar S, Ma G, Sohn J, Yiu SC, Stark W, Al-Qarni A, Edward DP, Elisseeff JH.","Invest Ophthalmol Vis Sci. 2017 Aug 1;58(10):3887-3895. doi: 10.1167/iovs.16-21292.","Wang X","Invest Ophthalmol Vis Sci","2017","2017/08/02","","","10.1167/iovs.16-21292"
"36986583","Vitamin E TPGS-Based Nanomedicine, Nanotheranostics, and Targeted Drug Delivery: Past, Present, and Future","Mehata AK, Setia A, Vikas, Malik AK, Hassani R, Dailah HG, Alhazmi HA, Albarraq AA, Mohan S, Muthu MS.","Pharmaceutics. 2023 Feb 21;15(3):722. doi: 10.3390/pharmaceutics15030722.","Mehata AK","Pharmaceutics","2023","2023/03/29","PMC10054265","","10.3390/pharmaceutics15030722"
"26040312","Case-control association between CCT-associated variants and keratoconus in a Saudi Arabian population","Abu-Amero KK, Helwa I, Al-Muammar A, Strickland S, Hauser MA, Allingham RR, Liu Y.","J Negat Results Biomed. 2015 Jun 4;14:10. doi: 10.1186/s12952-015-0029-5.","Abu-Amero KK","J Negat Results Biomed","2015","2015/06/05","PMC4461978","","10.1186/s12952-015-0029-5"
"34753327","Comparison of the characteristics and outcomes of traumatic wound dehiscence after penetrating or Lamellar Keratoplasty for Keratoconus","Al-Othman AY, AlDhaheri HS, Ahmad K, Al-Swailem SA.","Eur J Ophthalmol. 2022 Sep;32(5):2670-2675. doi: 10.1177/11206721211048729. Epub 2021 Nov 9.","Al-Othman AY","Eur J Ophthalmol","2022","2021/11/10","","","10.1177/11206721211048729"
"39042594","Management of Acute Corneal Hydrops Using Compression Sutures and Intracameral Air Injection","Elnaggar F, Alsharif H, Almutlak M, Fairaq R, Kirat OM, Bin Helayel H.","Am J Case Rep. 2024 Jul 23;25:e944517. doi: 10.12659/AJCR.944517.","Elnaggar F","Am J Case Rep","2024","2024/07/23","PMC11299868","","10.12659/AJCR.944517"
"35971499","Combined corneal wavefront-guided transepithelial photorefractive keratectomy and accelerated corneal collagen cross-linking following intracorneal ring segment implantation in management of moderate keratoconus","Bakhsh AM, Elwan SAM, El-Atris TM, Al-Salowle AM, Alsamnan MS.","Saudi J Ophthalmol. 2022 Jul 11;36(1):53-63. doi: 10.4103/sjopt.sjopt_26_20. eCollection 2022 Jan-Mar.","Bakhsh AM","Saudi J Ophthalmol","2022","2022/08/16","PMC9375462","","10.4103/sjopt.sjopt_26_20"
"26380287","Screening of the Seed Region of MIR184 in Keratoconus Patients from Saudi Arabia","Abu-Amero KK, Helwa I, Al-Muammar A, Strickland S, Hauser MA, Allingham RR, Liu Y.","Biomed Res Int. 2015;2015:604508. doi: 10.1155/2015/604508. Epub 2015 Aug 24.","Abu-Amero KK","Biomed Res Int","2015","2015/09/18","PMC4561303","","10.1155/2015/604508"
"29942179","Prevalence of keratoconus among patients seeking laser vision correction in Taif area of Saudi Arabia","Althomali TA, Al-Qurashi IM, Al-Thagafi SM, Mohammed A, Almalki M.","Saudi J Ophthalmol. 2018 Apr-Jun;32(2):114-118. doi: 10.1016/j.sjopt.2017.11.003. Epub 2017 Nov 14.","Althomali TA","Saudi J Ophthalmol","2018","2018/06/27","PMC6010596","","10.1016/j.sjopt.2017.11.003"
"38089650","Vector Analysis and Prognostic Factors for Femtosecond Arcuate Keratotomy in Post-Keratoplasty Astigmatism","Alsaif BA, Al Somali A, Banaji SH, Alshaibani AK.","Clin Ophthalmol. 2023 Dec 7;17:3747-3759. doi: 10.2147/OPTH.S429264. eCollection 2023.","Alsaif BA","Clin Ophthalmol","2023","2023/12/13","PMC10712245","","10.2147/OPTH.S429264"
"33772698","Outcomes and complications of implantable collamer lens for mild to advance keratoconus","Fairaq R, Almutlak M, Almazyad E, Badawi AH, Ahad MA.","Int Ophthalmol. 2021 Jul;41(7):2609-2618. doi: 10.1007/s10792-021-01820-2. Epub 2021 Mar 27.","Fairaq R","Int Ophthalmol","2021","2021/03/27","","","10.1007/s10792-021-01820-2"
"41302278","Clinical Assessment of Dry Eye Disease in Patients with Keratoconus in Saudi Arabia","Alshammeri S, Alharbi A.","Healthcare (Basel). 2025 Nov 13;13(22):2890. doi: 10.3390/healthcare13222890.","Alshammeri S","Healthcare (Basel)","2025","2025/11/27","PMC12652619","","10.3390/healthcare13222890"
"35971481","Accelerated versus conventional corneal collagen crosslinking: Short-term clinical outcomes in stabilizing keratoconus","Aldairi W, AlQahtani R, Alzaid S, Mousa A, Khandekar R, Al-Swailem SA.","Saudi J Ophthalmol. 2022 Jul 11;36(1):47-52. doi: 10.4103/sjopt.sjopt_49_22. eCollection 2022 Jan-Mar.","Aldairi W","Saudi J Ophthalmol","2022","2022/08/16","PMC9375457","","10.4103/sjopt.sjopt_49_22"
"24547927","Analysis of the SOD1 Gene in Keratoconus Patients from Saudi Arabia","Al-Muammar AM, Kalantan H, Azad TA, Sultan T, Abu-Amero KK.","Ophthalmic Genet. 2015;36(4):373-5. doi: 10.3109/13816810.2014.889173. Epub 2014 Feb 19.","Al-Muammar AM","Ophthalmic Genet","2015","2014/02/20","","","10.3109/13816810.2014.889173"
"23878503","Keratoconus corneal architecture after riboflavin/ultraviolet A cross-linking: ultrastructural studies","Akhtar S, Almubrad T, Paladini I, Mencucci R.","Mol Vis. 2013 Jul 19;19:1526-37. Print 2013.","Akhtar S","Mol Vis","2013","2013/07/24","PMC3716411","",""
"31651220","Mapping Keratoconus Molecular Substrates by Multiplexed High-Resolution Proteomics of Unpooled Corneas","Shinde V, Hu N, Renuse S, Mahale A, Pandey A, Eberhart C, Stone D, Al-Swailem SA, Maktabi A, Chakravarti S.","OMICS. 2019 Nov;23(11):583-597. doi: 10.1089/omi.2019.0143. Epub 2019 Oct 25.","Shinde V","OMICS","2019","2019/10/26","PMC6857467","","10.1089/omi.2019.0143"
"33467505","A Comparative Study of Corneal Topography in Children with Autism Spectrum Disorder: A Cross-Sectional Study","ALGarzaie MA, Alsaqr AM.","Vision (Basel). 2021 Jan 15;5(1):4. doi: 10.3390/vision5010004.","ALGarzaie MA","Vision (Basel)","2021","2021/01/20","PMC7838863","","10.3390/vision5010004"
"36728218","Ophthalmic Manifestations of Arterial Tortuosity Syndrome: Case Series of Patient and Carriers","Alharbi SS, Algorinees RM, Alshehri MA.","Cornea. 2023 Apr 1;42(4):476-481. doi: 10.1097/ICO.0000000000003226. Epub 2023 Jan 11.","Alharbi SS","Cornea","2023","2023/02/02","","","10.1097/ICO.0000000000003226"
"37278429","Recurrent keratoconus: an analysis of breaks in Bowman's layer in corneal grafts","Johns LK, Leon P, Cortes-Barrantes P, Hanbazazh M, Zurakowski D, Dryja TP, Ciolino JB.","BMJ Open Ophthalmol. 2023 Apr;8(1):e001225. doi: 10.1136/bmjophth-2022-001225.","Johns LK","BMJ Open Ophthalmol","2023","2023/06/06","PMC10124254","","10.1136/bmjophth-2022-001225"
"37113025","Splinter Cataract in Patients with Keratoconus and Frequent Eye Rubbing: A Novel Finding","Kirat O, Ahad MA, AlHilali S, Fairaq R.","Am J Case Rep. 2023 Apr 28;24:e939082. doi: 10.12659/AJCR.939082.","Kirat O","Am J Case Rep","2023","2023/04/28","PMC10152507","","10.12659/AJCR.939082"
"35971492","Long-term outcomes and causes of intrastromal corneal ring segment explantation in a tertiary eye hospital","Al-Habboubi HF, Martinez-Osorio H, Y Maktabi AM, Badawi AH, Aldosari FN, Khandekar R, Al-Swailem SA.","Saudi J Ophthalmol. 2022 Jul 11;36(1):64-69. doi: 10.4103/sjopt.sjopt_70_22. eCollection 2022 Jan-Mar.","Al-Habboubi HF","Saudi J Ophthalmol","2022","2022/08/16","PMC9375453","","10.4103/sjopt.sjopt_70_22"
"39589451","Five Year Review of All Examined Corneal Tissue in a Tertiary Eye Care Center: Demographics and Surgical Indications","Kokandi B, Zahrani SA, Helmi HA, Alshomar KM, Alkatan HM.","J Epidemiol Glob Health. 2024 Dec;14(4):1693-1700. doi: 10.1007/s44197-024-00328-z. Epub 2024 Nov 26.","Kokandi B","J Epidemiol Glob Health","2024","2024/11/26","PMC11652461","","10.1007/s44197-024-00328-z"
"40191754","Measurements of white-to-white corneal diameter and anterior chamber parameters using the Pentacam AXL wave and their correlations in the adult Saudi population","Alotaibi WM, Challa N, Alrasheed SH, Abanmi RN.","PeerJ. 2025 Apr 1;13:e19227. doi: 10.7717/peerj.19227. eCollection 2025.","Alotaibi WM","PeerJ","2025","2025/04/07","PMC11970417","","10.7717/peerj.19227"
"16084784","Fixed dilated pupil after penetrating keratoplasty for macular corneal dystrophy and keratoconus","Jastaneiah S, Al-Towerki AE, Al-Assiri A.","Am J Ophthalmol. 2005 Sep;140(3):484-9. doi: 10.1016/j.ajo.2005.04.029.","Jastaneiah S","Am J Ophthalmol","2005","2005/08/09","","","10.1016/j.ajo.2005.04.029"
"23127749","Biometric and molecular characterization of clinically diagnosed posterior microphthalmos","Nowilaty SR, Khan AO, Aldahmesh MA, Tabbara KF, Al-Amri A, Alkuraya FS.","Am J Ophthalmol. 2013 Feb;155(2):361-372.e7. doi: 10.1016/j.ajo.2012.08.016. Epub 2012 Nov 3.","Nowilaty SR","Am J Ophthalmol","2013","2012/11/07","","","10.1016/j.ajo.2012.08.016"
"31882786","Collagen fibrils and proteoglycans of peripheral and central stroma of the keratoconus cornea - Ultrastructure and 3D transmission electron tomography","Alkanaan A, Barsotti R, Kirat O, Khan A, Almubrad T, Akhtar S.","Sci Rep. 2019 Dec 27;9(1):19963. doi: 10.1038/s41598-019-56529-1.","Alkanaan A","Sci Rep","2019","2019/12/29","PMC6934547","","10.1038/s41598-019-56529-1"
"41310557","Preferred practice patterns in the management of keratoconus: a national survey of cornea specialists in Saudi Arabia","AlJohani S, Othman AYA, Khathami AA, Alshehri A.","BMC Ophthalmol. 2025 Nov 28;25(1):705. doi: 10.1186/s12886-025-04525-7.","AlJohani S","BMC Ophthalmol","2025","2025/11/28","PMC12752239","","10.1186/s12886-025-04525-7"
"30271629","Prevalence of Keratoconus in a Refractive Surgery Population","Al-Amri AM.","J Ophthalmol. 2018 Sep 6;2018:5983530. doi: 10.1155/2018/5983530. eCollection 2018.","Al-Amri AM","J Ophthalmol","2018","2018/10/02","PMC6146781","","10.1155/2018/5983530"
"41332050","Coincident Pellucid Marginal Degeneration and Fuchsiridocyclitis: a case report","Alghamdi AH.","Int J Surg Case Rep. 2025 Nov;136:112029. doi: 10.1016/j.ijscr.2025.112029. Epub 2025 Oct 7.","Alghamdi AH","Int J Surg Case Rep","2025","2025/12/03","PMC12554061","","10.1016/j.ijscr.2025.112029"
"28936055","Infectious Crystalline Keratopathy After Corneal Cross-linking","Al-Amry M, Mudhaiyan T, Al-Huthail R, Al-Ghadeer H.","Middle East Afr J Ophthalmol. 2017 Apr-Jun;24(2):100-102. doi: 10.4103/meajo.MEAJO_346_16.","Al-Amry M","Middle East Afr J Ophthalmol","2017","2017/09/23","PMC5598298","","10.4103/meajo.MEAJO_346_16"
"17050286","Corneal ectasia and hydrops in a patient with autosomal recessive cornea plana","Khan AO, Aldahmesh M, Meyer B.","Ophthalmic Genet. 2006 Sep;27(3):99-101. doi: 10.1080/13816810600862469.","Khan AO","Ophthalmic Genet","2006","2006/10/20","","","10.1080/13816810600862469"
"23960929","Late onset corneal ectasia after LASIK surgery","Said A, Hamade IH, Tabbara KF.","Saudi J Ophthalmol. 2011 Jul;25(3):225-30. doi: 10.1016/j.sjopt.2011.05.003. Epub 2011 Dec 5.","Said A","Saudi J Ophthalmol","2011","2013/08/21","PMC3729525","","10.1016/j.sjopt.2011.05.003"
"28416495","Ultrastructural study of peripheral and central stroma of keratoconus cornea","Alkanaan A, Barsotti R, Kirat O, Almubrad T, Khan A, Akhtar S.","Br J Ophthalmol. 2017 Jun;101(6):845-850. doi: 10.1136/bjophthalmol-2016-309834. Epub 2017 Apr 17.","Alkanaan A","Br J Ophthalmol","2017","2017/04/19","","","10.1136/bjophthalmol-2016-309834"
"14679583","Brittle cornea syndrome and its delineation from the kyphoscoliotic type of Ehlers-Danlos syndrome (EDS VI): report on 23 patients and review of the literature","Al-Hussain H, Zeisberger SM, Huber PR, Giunta C, Steinmann B.","Am J Med Genet A. 2004 Jan 1;124A(1):28-34. doi: 10.1002/ajmg.a.20326.","Al-Hussain H","Am J Med Genet A","2004","2003/12/18","","","10.1002/ajmg.a.20326"
"36314304","A study to create a risk factor models to predict the development of keratoconus among the Saudi Arabian population","Aljohani SM.","Eur Rev Med Pharmacol Sci. 2022 Oct;26(20):7344-7348. doi: 10.26355/eurrev_202210_30003.","Aljohani SM","Eur Rev Med Pharmacol Sci","2022","2022/10/31","","","10.26355/eurrev_202210_30003"
"27679531","Common Eye Diseases in Children in Saudi Arabia (Jazan)","Darraj A, Barakat W, Kenani M, Shajry R, Khawaji A, Bakri S, Makin A, Mohanna A, Yassin AO.","Ophthalmol Eye Dis. 2016 Sep 20;8:33-9. doi: 10.4137/OED.S39055. eCollection 2016.","Darraj A","Ophthalmol Eye Dis","2016","2016/09/29","PMC5030826","","10.4137/OED.S39055"
"31559090","Outcomes of MyoRing Implantation in Eyes with Keratoconus in the Eastern Province of Saudi Arabia: ""A Single-Arm Cohort Study""","Alshammari YS, Al Somali AI.","J Ophthalmol. 2019 Aug 29;2019:2630704. doi: 10.1155/2019/2630704. eCollection 2019.","Alshammari YS","J Ophthalmol","2019","2019/09/28","PMC6735184","","10.1155/2019/2630704"
"39548416","Comparison of clinical outcomes, complications and patient satisfaction following deep anterior lamellar keratoplasty and penetrating keratoplasty","Aldebasi T, Gangadharan S, Alshammari YS, Alruhaimi SS, Alrashid SO, Ardah H, Shahrani JA, Shahrani SA, Badri M, Alfardan F.","BMC Ophthalmol. 2024 Nov 15;24(1):501. doi: 10.1186/s12886-024-03766-2.","Aldebasi T","BMC Ophthalmol","2024","2024/11/16","PMC11566242","","10.1186/s12886-024-03766-2"
"38587437","Artificial Neural Network for Automated Keratoconus Detection Using a Combined Placido Disc and Anterior Segment Optical Coherence Tomography Topographer","Alió Del Barrio JL, Eldanasoury AM, Arbelaez J, Faini S, Versaci F.","Transl Vis Sci Technol. 2024 Apr 2;13(4):13. doi: 10.1167/tvst.13.4.13.","Alió Del Barrio JL","Transl Vis Sci Technol","2024","2024/04/08","PMC11005070","","10.1167/tvst.13.4.13"
"36803118","Enterobacter Cloacae keratitis after corneal cross-linking for keratoconus: A case report","Al Rasheed R, Almudhaiyan T, Aldebasi T.","Eur J Ophthalmol. 2023 May;33(3):1320-1323. doi: 10.1177/11206721231155518. Epub 2023 Feb 19.","Al Rasheed R","Eur J Ophthalmol","2023","2023/02/21","","","10.1177/11206721231155518"
"26837393","Current techniques of lamellar keratoplasty for keratoconus","Spadea L, De Rosa V.","Saudi Med J. 2016 Feb;37(2):127-36. doi: 10.15537/smj.2016.2.12985.","Spadea L","Saudi Med J","2016","2016/02/04","PMC4800909","","10.15537/smj.2016.2.12985"
"39717479","Gender-specific association of STON2 rs2371597 polymorphism in keratoconus patients of Saudi origin","Kondkar AA, Sultan T, Azad TA, Khatlani T, Lobo GP, Kalantan H, Al-Obeidan SA, Al-Muammar AM.","Front Genet. 2024 Dec 9;15:1505629. doi: 10.3389/fgene.2024.1505629. eCollection 2024.","Kondkar AA","Front Genet","2024","2024/12/24","PMC11663935","","10.3389/fgene.2024.1505629"
"23960926","Corneal ectasia following LASIK","Tabbara KF.","Saudi J Ophthalmol. 2011 Jul;25(3):211-2. doi: 10.1016/j.sjopt.2011.05.002. Epub 2011 Dec 5.","Tabbara KF","Saudi J Ophthalmol","2011","2013/08/21","PMC3729302","","10.1016/j.sjopt.2011.05.002"
"19654527","Outcome of primary adult penetrating keratoplasty in a Saudi Arabian population","Wagoner MD, Gonnah el-S, Al-Towerki AE; King Khaled Eye Specialist Hospital Cornea Transplant Study Group.","Cornea. 2009 Sep;28(8):882-90. doi: 10.1097/ICO.0b013e31819b00d8.","Wagoner MD","Cornea","2009","2009/08/06","","","10.1097/ICO.0b013e31819b00d8"
"15256997","Changing indications for corneal transplantation at the King Khaled Eye Specialist Hospital (1983-2002)","Al-Towerki AE, Gonnah el-S, Al-Rajhi A, Wagoner MD.","Cornea. 2004 Aug;23(6):584-8. doi: 10.1097/01.ico.0000121708.58571.5b.","Al-Towerki AE","Cornea","2004","2004/07/17","","","10.1097/01.ico.0000121708.58571.5b"
"28534231","Comparison of outcomes and complications of deep anterior lamellar keratoplasty and penetrating keratoplasty performed in a large group of patients with keratoconus","Khattak A, Nakhli FR, Al-Arfaj KM, Cheema AA.","Int Ophthalmol. 2018 Jun;38(3):985-992. doi: 10.1007/s10792-017-0548-9. Epub 2017 May 22.","Khattak A","Int Ophthalmol","2018","2017/05/24","","","10.1007/s10792-017-0548-9"
"19092398","Penetrating keratoplasty for keratoconus with or without vernal keratoconjunctivitis","Wagoner MD, Ba-Abbad R; King Khaled Eye Specialist Hospital Cornea Transplant Study Group.","Cornea. 2009 Jan;28(1):14-8. doi: 10.1097/ICO.0b013e31818225dd.","Wagoner MD","Cornea","2009","2008/12/19","","","10.1097/ICO.0b013e31818225dd"
"28811773","Transepithelial corneal crosslinking in treatment of progressive keratoconus: 12 months' clinical results","Akbar B, Intisar-Ul-Haq R, Ishaq M, Arzoo S, Siddique K.","Pak J Med Sci. 2017 May-Jun;33(3):570-575. doi: 10.12669/pjms.333.11907.","Akbar B","Pak J Med Sci","2017","2017/08/17","PMC5510105","","10.12669/pjms.333.11907"
"26506973","Indications and techniques employed for keratoplasty in the Eastern province of Saudi Arabia: 6 years of experience","Al-Arfai KM, Yassin SA, Al-Beshri AS, Al-Jindan MY, Al-Tamimi ER.","Ann Saudi Med. 2015 Sep-Oct;35(5):387-93. doi: 10.5144/0256-4947.2015.387.","Al-Arfai KM","Ann Saudi Med","2015","2015/10/29","PMC6074371","","10.5144/0256-4947.2015.387"
"25839343","One-Year Clinical Outcomes of a Two-Step Surgical Management for Keratoconus-Topography-Guided Photorefractive Keratectomy/Cross-Linking After Intrastromal Corneal Ring Implantation","Al-Tuwairqi WS, Osuagwu UL, Razzouk H, Ogbuehi KC.","Eye Contact Lens. 2015 Nov;41(6):359-66. doi: 10.1097/ICL.0000000000000135.","Al-Tuwairqi WS","Eye Contact Lens","2015","2015/04/04","","","10.1097/ICL.0000000000000135"
"42038919","Narrative Review of Artificial Intelligence in Ophthalmic Disease Detection : Artificial Intelligence in Ophthalmic Diseases Detection","Bokhary KA.","Galen Med J. 2025 Sep 20;14:e3979. doi: 10.31661/gmj.v14i.3979. eCollection 2025.","Bokhary KA","Galen Med J","2025","2026/04/27","PMC12503026","","10.31661/gmj.v14i.3979"
"31920417","Corneal Imaging and Densitometry Measurements in Juvenile and Adult Keratoconus Patients to Evaluate Disease Progression and Treatment Effects After Corneal Cross-Linking","Alzahrani K, Mofty H, Lin EY, Carley F, Brahma A, Morley D, Biswas S, Hillarby MC.","Clin Optom (Auckl). 2019 Dec 30;11:173-180. doi: 10.2147/OPTO.S226000. eCollection 2019.","Alzahrani K","Clin Optom (Auckl)","2019","2020/01/11","PMC6941694","","10.2147/OPTO.S226000"
"40648900","Outcomes of Femtosecond Laser-Assisted Arcuate Keratotomy in the Management of Keratoplasty-Related Astigmatism","Alkharashi MS, Abusayf MM, Alburayk KB, Alkharashi AS.","J Clin Med. 2025 Jun 26;14(13):4526. doi: 10.3390/jcm14134526.","Alkharashi MS","J Clin Med","2025","2025/07/12","PMC12249506","","10.3390/jcm14134526"
"21403853","Analysis of the VSX1 gene in keratoconus patients from Saudi Arabia","Abu-Amero KK, Kalantan H, Al-Muammar AM.","Mol Vis. 2011 Mar 8;17:667-72.","Abu-Amero KK","Mol Vis","2011","2011/03/16","PMC3056127","",""
"27442190","Gene Expression Profile of Extracellular Matrix and Adhesion Molecules in the Human Normal Corneal Stroma","Liu Y, Huang H, Sun G, Alwadani S, Semba RD, Lutty GA, Yiu S, Edward DP.","Curr Eye Res. 2017 Apr;42(4):520-527. doi: 10.1080/02713683.2016.1200099. Epub 2016 Jul 21.","Liu Y","Curr Eye Res","2017","2016/07/22","PMC6011830","NIHMS973651","10.1080/02713683.2016.1200099"
"32555404","RNA sequencing of corneas from two keratoconus patient groups identifies potential biomarkers and decreased NRF2-antioxidant responses","Shinde V, Hu N, Mahale A, Maiti G, Daoud Y, Eberhart CG, Maktabi A, Jun AS, Al-Swailem SA, Chakravarti S.","Sci Rep. 2020 Jun 18;10(1):9907. doi: 10.1038/s41598-020-66735-x.","Shinde V","Sci Rep","2020","2020/06/20","PMC7303170","","10.1038/s41598-020-66735-x"
"33488011","Prevalence of Keratoconus in Refractive Surgery Cases in Western India","Shilpy N, Shah Z, Singh S, Purohit D.","Middle East Afr J Ophthalmol. 2020 Oct 30;27(3):156-159. doi: 10.4103/meajo.MEAJO_182_19. eCollection 2020 Jul-Sep.","Shilpy N","Middle East Afr J Ophthalmol","2020","2021/01/25","PMC7813139","","10.4103/meajo.MEAJO_182_19"
"25349796","Visual rehabilitation in low-moderate keratoconus: intracorneal ring segment implantation followed by same-day topography-guided photorefractive keratectomy and collagen cross linking","Zeraid FM, Jawkhab AA, Al-Tuwairqi WS, Osuagwu UL.","Int J Ophthalmol. 2014 Oct 18;7(5):800-6. doi: 10.3980/j.issn.2222-3959.2014.05.11. eCollection 2014.","Zeraid FM","Int J Ophthalmol","2014","2014/10/29","PMC4206884","","10.3980/j.issn.2222-3959.2014.05.11"
"26325407","Protective Effects of Soluble Collagen during Ultraviolet-A Crosslinking on Enzyme-Mediated Corneal Ectatic Models","Wang X, Huang Y, Jastaneiah S, Majumdar S, Kang JU, Yiu SC, Stark W, Elisseeff JH.","PLoS One. 2015 Sep 1;10(9):e0136999. doi: 10.1371/journal.pone.0136999. eCollection 2015.","Wang X","PLoS One","2015","2015/09/02","PMC4556688","","10.1371/journal.pone.0136999"
"26180483","Herpetic Keratitis after Corneal Collagen Cross-Linking with Riboflavin and Ultraviolet-A for Keratoconus","Al-Qarni A, AlHarbi M.","Middle East Afr J Ophthalmol. 2015 Jul-Sep;22(3):389-92. doi: 10.4103/0974-9233.159777.","Al-Qarni A","Middle East Afr J Ophthalmol","2015","2015/07/17","PMC4502188","","10.4103/0974-9233.159777"
"33880009","Changing Indications for Penetrating Keratoplasty in Bahrain in a Tertiary Referral Centre","Al-Yousuf N, Al Alawi E, Mahmood A, Alzayani A, Al Sawad H, Alsetri H, Al-Mousawi J, Ali K, Al Khayat M, Naser R.","Clin Ophthalmol. 2021 Apr 13;15:1503-1510. doi: 10.2147/OPTH.S304812. eCollection 2021.","Al-Yousuf N","Clin Ophthalmol","2021","2021/04/21","PMC8053497","","10.2147/OPTH.S304812"
"11973083","Big-bubble technique to bare Descemet's membrane in anterior lamellar keratoplasty","Anwar M, Teichmann KD.","J Cataract Refract Surg. 2002 Mar;28(3):398-403. doi: 10.1016/s0886-3350(01)01181-6.","Anwar M","J Cataract Refract Surg","2002","2002/04/26","","","10.1016/s0886-3350(01)01181-6"
"39668852","Case Report: Implantable Collamer Lens for Keratoconus with Splinter Cataract","Aldahan D, AlHilali S.","Int Med Case Rep J. 2024 Dec 8;17:1009-1011. doi: 10.2147/IMCRJ.S502174. eCollection 2024.","Aldahan D","Int Med Case Rep J","2024","2024/12/13","PMC11636243","","10.2147/IMCRJ.S502174"
"34686431","Correlation between long-term use of rigid gas permeable contact lenses and endothelial morphometric changes in keratoconus patients","Elagamy A, AlOmair N.","Cont Lens Anterior Eye. 2022 Feb;45(1):101520. doi: 10.1016/j.clae.2021.101520. Epub 2021 Oct 20.","Elagamy A","Cont Lens Anterior Eye","2022","2021/10/23","","","10.1016/j.clae.2021.101520"
"18587538","The relationship between central corneal thickness and degree of myopia among Saudi adults","Al-Mezaine HS, Al-Obeidan S, Kangave D, Sadaawy A, Wehaib TA, Al-Amro SA.","Int Ophthalmol. 2009 Oct;29(5):373-8. doi: 10.1007/s10792-008-9249-8. Epub 2008 Jun 28.","Al-Mezaine HS","Int Ophthalmol","2009","2008/07/01","","","10.1007/s10792-008-9249-8"
"26889160","Spontaneous Corneal Hydrops in a Patient with a Corneal Ulcer","Batawi H, Kothari N, Camp A, Bernhard L, Karp CL, Galor A.","Case Rep Ophthalmol. 2016 Jan 14;7(1):49-53. doi: 10.1159/000443474. eCollection 2016 Jan-Apr.","Batawi H","Case Rep Ophthalmol","2016","2016/02/19","PMC4748807","","10.1159/000443474"
"28936058","Multifocal Choroiditis with Retinal Vasculitis, Optic Neuropathy, and Keratoconus in a Young Saudi Male","Dhafiri Y, Al Rubaie K, Kirat O, May WN, Nguyen QD, Kozak I.","Middle East Afr J Ophthalmol. 2017 Apr-Jun;24(2):109-112. doi: 10.4103/meajo.MEAJO_331_16.","Dhafiri Y","Middle East Afr J Ophthalmol","2017","2017/09/23","PMC5598301","","10.4103/meajo.MEAJO_331_16"
"24864597","Measurements of central corneal thickness using two immersion ultrasound techniques and optical technique","AlFarhan HM.","J Pak Med Assoc. 2014 Mar;64(3):266-70.","AlFarhan HM","J Pak Med Assoc","2014","2014/05/29","","",""
"34053313","Vision related quality of life of patients with keratoconus after keratoplasty at a Tertiary Eye Hospital in Saudi Arabia","Al-Qahtani BS, Al-Swailem SA, Ahmad K, Khandekar R.","Eur J Ophthalmol. 2021 Nov;31(6):3500-3504. doi: 10.1177/11206721211020648. Epub 2021 May 31.","Al-Qahtani BS","Eur J Ophthalmol","2021","2021/05/31","","","10.1177/11206721211020648"
"25710511","Association between diabetes and keratoconus: a case-control study","An-Nakhli FR.","Cornea. 2015 Apr;34(4):e10. doi: 10.1097/ICO.0000000000000371.","An-Nakhli FR","Cornea","2015","2015/02/25","","","10.1097/ICO.0000000000000371"
"35971486","Validation of the Arabic version of the quality of life impact of refractive correction questionnaire","Bokhary KA, Alshamrani ES, Jamous KF, Fahmy R.","Saudi J Ophthalmol. 2022 Jul 11;36(1):83-89. doi: 10.4103/sjopt.sjopt_117_21. eCollection 2022 Jan-Mar.","Bokhary KA","Saudi J Ophthalmol","2022","2022/08/16","PMC9375452","","10.4103/sjopt.sjopt_117_21"
"34804861","Indications for exchange or explantation of phakic implantable collamer lens with central port in patients with and without keratoconus","Alhamzah A, Alharbi SS, Alfardan F, Aldebasi T, Almudhaiyan T.","Int J Ophthalmol. 2021 Nov 18;14(11):1714-1720. doi: 10.18240/ijo.2021.11.10. eCollection 2021.","Alhamzah A","Int J Ophthalmol","2021","2021/11/22","PMC8569572","","10.18240/ijo.2021.11.10"
"32062505","Successful surgical management of post-penetrating or deep lamellar keratoplasty Acquired Corneal Sub-Epithelial Hypertrophy (ACSH): A case series","Almulhim A, Magliyah MS, Alfawaz A, Vargas JM, Al-Muammar A, Alkatan H.","Int J Surg Case Rep. 2020;67:191-195. doi: 10.1016/j.ijscr.2020.01.054. Epub 2020 Feb 6.","Almulhim A","Int J Surg Case Rep","2020","2020/02/17","PMC7021528","","10.1016/j.ijscr.2020.01.054"
"38160881","Deep Anterior Lamellar Keratoplasty Using Dehydrated versus Standard Organ Culture-Stored Donor Corneas: Prospective Randomized Trial","Bovone C, De Rosa L, Pellegrini M, Ruzza A, Ferrari S, Camposampiero D, Ponzin D, Zauli G, Yu AC, Busin M.","Ophthalmology. 2024 Jun;131(6):674-681. doi: 10.1016/j.ophtha.2023.12.027. Epub 2023 Dec 29.","Bovone C","Ophthalmology","2024","2023/12/31","","","10.1016/j.ophtha.2023.12.027"
"37492206","Unilateral keratoconus associated with iridocorneal endothelial syndrome: Case report","Kalantan HA.","Saudi J Ophthalmol. 2023 Jun 26;37(2):164-166. doi: 10.4103/sjopt.sjopt_159_22. eCollection 2023 Apr-Jun.","Kalantan HA","Saudi J Ophthalmol","2023","2023/07/26","PMC10365245","","10.4103/sjopt.sjopt_159_22"
"25221426","Keratoconus is associated with increased copy number of mitochondrial DNA","Abu-Amero KK, Kondkar AA, Azad TA, Sultan T, Kalantan H, Al-Muammar AM.","Mol Vis. 2014 Aug 27;20:1203-8. eCollection 2014.","Abu-Amero KK","Mol Vis","2014","2014/09/16","PMC4153421","",""
"26266436","Transepithelial Versus Epithelium-Off Corneal Collagen Cross-Linking for Progressive Keratoconus: A Prospective Randomized Controlled Trial","Al Fayez MF, Alfayez S, Alfayez Y.","Cornea. 2015 Oct;34 Suppl 10:S53-6. doi: 10.1097/ICO.0000000000000547.","Al Fayez MF","Cornea","2015","2015/08/13","","","10.1097/ICO.0000000000000547"
"21596256","Preliminary results of intrastromal corneal ring segment implantation to treat moderate to severe keratoconus","Hamdi IM.","J Cataract Refract Surg. 2011 Jun;37(6):1125-32. doi: 10.1016/j.jcrs.2010.12.048.","Hamdi IM","J Cataract Refract Surg","2011","2011/05/21","","","10.1016/j.jcrs.2010.12.048"
"33079919","Association of Collagen Gene (COL4A3) rs55703767 Variant With Response to Riboflavin/Ultraviolet A-Induced Collagen Cross-Linking in Female Patients With Keratoconus","Abdelghany AA, Toraih EA, Abdelaziz EZ, El-Sherbeeny NA, Fawzy MS.","Cornea. 2021 Jan;40(1):88-98. doi: 10.1097/ICO.0000000000002489.","Abdelghany AA","Cornea","2021","2020/10/20","","","10.1097/ICO.0000000000002489"
"23559907","Penetrating keratoplasty for keratoconus: visual and graft survival outcomes","Al-Mohaimeed MM.","Int J Health Sci (Qassim). 2013 Jan;7(1):67-74. doi: 10.12816/0006023.","Al-Mohaimeed MM","Int J Health Sci (Qassim)","2013","2013/04/06","PMC3612418","","10.12816/0006023"
"19165422","Outcome of primary adult optical penetrating keratoplasty with imported donor corneas","Wagoner MD, Gonnah el-S, Al-Towerki AE; King Khaled Eye Specialist Hospital Cornea Transplant Study Group.","Int Ophthalmol. 2010 Apr;30(2):127-36. doi: 10.1007/s10792-009-9295-x. Epub 2009 Jan 23.","Wagoner MD","Int Ophthalmol","2010","2009/01/24","","","10.1007/s10792-009-9295-x"
"16488955","Repeat penetrating keratoplasty: indications, graft survival, and visual outcome","Al-Mezaine H, Wagoner MD; King Khaled Eye Specialist Hospital Cornea Transplant Study Group.","Br J Ophthalmol. 2006 Mar;90(3):324-7. doi: 10.1136/bjo.2005.079624.","Al-Mezaine H","Br J Ophthalmol","2006","2006/02/21","PMC1856933","","10.1136/bjo.2005.079624"
"27994396","Surgical Treatment of Corneal Ectasia with Motowa's Trephine and Selective Suturing Technique","Al-Motowa S, Al-Harby M.","Middle East Afr J Ophthalmol. 2016 Oct-Dec;23(4):315-317. doi: 10.4103/0974-9233.194087.","Al-Motowa S","Middle East Afr J Ophthalmol","2016","2016/12/21","PMC5141626","","10.4103/0974-9233.194087"
"25564447","Brittle cornea syndrome ZNF469 mutation carrier phenotype and segregation analysis of rare ZNF469 variants in familial keratoconus","Davidson AE, Borasio E, Liskova P, Khan AO, Hassan H, Cheetham ME, Plagnol V, Alkuraya FS, Tuft SJ, Hardcastle AJ.","Invest Ophthalmol Vis Sci. 2015 Jan 6;56(1):578-86. doi: 10.1167/iovs.14-15792.","Davidson AE","Invest Ophthalmol Vis Sci","2015","2015/01/08","","","10.1167/iovs.14-15792"
"23960861","Deep anterior lamellar Keratoplasty","Al-Kharashi SA, Al-Obailan MM, Almohaimeed M, Al-Torbak AA.","Saudi J Ophthalmol. 2009 Oct;23(3-4):203-9. doi: 10.1016/j.sjopt.2009.10.004. Epub 2009 Oct 24.","Al-Kharashi SA","Saudi J Ophthalmol","2009","2013/08/21","PMC3729389","","10.1016/j.sjopt.2009.10.004"
"31686959","Successful Treatment of Corneal Opacification with Associated Thickened Epithelium by Simple Peeling: Acquired Corneal Subepithelial Hypertrophy (ACSH)","Al-Rajhi AA, Helmi HA, Alkatan HM, Al-Obailan M, Al-Rajhi A.","Saudi J Ophthalmol. 2019 Jul-Sep;33(3):203-208. doi: 10.1016/j.sjopt.2019.02.002. Epub 2019 Feb 13.","Al-Rajhi AA","Saudi J Ophthalmol","2019","2019/11/06","PMC6819717","","10.1016/j.sjopt.2019.02.002"
"34148052","Ophthalmic Features of Spinocerebellar Ataxia Type 7: A Case Report","AlHilali S, AlMadhi NH, AlBalawi ED.","Am J Case Rep. 2021 Jun 20;22:e932279. doi: 10.12659/AJCR.932279.","AlHilali S","Am J Case Rep","2021","2021/06/20","PMC8235670","","10.12659/AJCR.932279"
"35385757","Effect of Ultraviolet-A and Riboflavin treatment on the architecture of the center and periphery of normal rat cornea: 7 days post treatment","Akhtar S, Smedowski A, Masmali A, Alkanaan A, Khan AA, Almutleb E, Mofty HK, Al-Debasi HI, Samivel R, Almubrad T.","Exp Eye Res. 2022 Jun;219:109064. doi: 10.1016/j.exer.2022.109064. Epub 2022 Apr 3.","Akhtar S","Exp Eye Res","2022","2022/04/06","","","10.1016/j.exer.2022.109064"
"35125802","Corneal Perforation as a Complication of Fungal Interface Infectious Keratitis after Deep Anterior Lamellar Keratoplasty","Otaif W, Al Somali AI, Almulhim A.","Middle East Afr J Ophthalmol. 2021 Dec 31;28(3):184-188. doi: 10.4103/meajo.meajo_114_21. eCollection 2021 Jul-Sep.","Otaif W","Middle East Afr J Ophthalmol","2021","2022/02/07","PMC8763106","","10.4103/meajo.meajo_114_21"
"27475985","Novel GUCY2D mutation causes phenotypic variability of Leber congenital amaurosis in a large kindred","Gradstein L, Zolotushko J, Sergeev YV, Lavy I, Narkis G, Perez Y, Guigui S, Sharon D, Banin E, Walter E, Lifshitz T, Birk OS.","BMC Med Genet. 2016 Jul 30;17(1):52. doi: 10.1186/s12881-016-0314-2.","Gradstein L","BMC Med Genet","2016","2016/08/01","PMC4967317","","10.1186/s12881-016-0314-2"
"25624678","Comparison of visual, refractive and topographic keratometry outcomes of Intacs and Intacs SK in mild to moderate keratoconus eyes","Al Muammar A.","Middle East Afr J Ophthalmol. 2015 Jan-Mar;22(1):74-9. doi: 10.4103/0974-9233.148353.","Al Muammar A","Middle East Afr J Ophthalmol","2015","2015/01/28","PMC4302481","","10.4103/0974-9233.148353"
"29676308","Correlation between dry eye and refractive error in Saudi young adults using noninvasive Keratograph 4","Fahmy RM, Aldarwesh A.","Indian J Ophthalmol. 2018 May;66(5):653-656. doi: 10.4103/ijo.IJO_1103_17.","Fahmy RM","Indian J Ophthalmol","2018","2018/04/21","PMC5939156","","10.4103/ijo.IJO_1103_17"
"24222271","Ultrastructural and three-dimensional study of post-LASIK ectasia cornea","Akhtar S, Alkatan H, Kirat O, Almubrad T.","Microsc Res Tech. 2014 Jan;77(1):91-8. doi: 10.1002/jemt.22316. Epub 2013 Nov 12.","Akhtar S","Microsc Res Tech","2014","2013/11/14","","","10.1002/jemt.22316"
"37726333","Outcomes of large-diameter deep anterior lamellar keratoplasty and converted two-piece mushroom penetrating keratoplasty for herpetic corneal scars","Pellegrini M, Yu AC, Spena R, Bovone C, Zauli G, Busin M.","Eye (Lond). 2024 Feb;38(3):614-619. doi: 10.1038/s41433-023-02744-0. Epub 2023 Sep 19.","Pellegrini M","Eye (Lond)","2024","2023/09/19","PMC10858060","","10.1038/s41433-023-02744-0"
"31695320","Novel Technique For The Management Of Macroperforation During Deep Anterior Lamellar Keratoplasty","Nasr Hashem A, Tolees SS, Samir A.","Clin Ophthalmol. 2019 Oct 23;13:2075-2080. doi: 10.2147/OPTH.S229249. eCollection 2019.","Nasr Hashem A","Clin Ophthalmol","2019","2019/11/08","PMC6815759","","10.2147/OPTH.S229249"
"40661248","Outcomes of Repeat Deep Anterior Lamellar Keratoplasty in Keratoconus: Case Series","Kirat O, Fairaq R, AlMutlak M, AlQahtani RS, AlHussein GA, AlHilali S.","Clin Ophthalmol. 2025 Jul 10;19:2203-2209. doi: 10.2147/OPTH.S528658. eCollection 2025.","Kirat O","Clin Ophthalmol","2025","2025/07/15","PMC12258223","","10.2147/OPTH.S528658"
"27804048","Clinical evaluation of two types of intracorneal ring segments (ICRS) for keratoconus","Al-Tuwairqi WS, Osuagwu UL, Razzouk H, AlHarbi A, Ogbuehi KC.","Int Ophthalmol. 2017 Oct;37(5):1185-1198. doi: 10.1007/s10792-016-0385-2. Epub 2016 Nov 1.","Al-Tuwairqi WS","Int Ophthalmol","2017","2016/11/03","","","10.1007/s10792-016-0385-2"
"41073991","A rare case of Blepharophimosis-Ptosis-Epicanthus inversus syndrome (BPES) associated with keratoconus: a multidisciplinary approach to diagnosis and management","Al Khathami A, Al Ghamdi AH.","BMC Ophthalmol. 2025 Oct 10;25(1):562. doi: 10.1186/s12886-025-04368-2.","Al Khathami A","BMC Ophthalmol","2025","2025/10/11","PMC12512960","","10.1186/s12886-025-04368-2"
"35684529","Screening a Panel of Topical Ophthalmic Medications against MMP-2 and MMP-9 to Investigate Their Potential in Keratoconus Management","Belal A, Elanany MA, Santali EY, Al-Karmalawy AA, Aboelez MO, Amin AH, Abdellattif MH, Mehany ABM, Elkady H.","Molecules. 2022 Jun 2;27(11):3584. doi: 10.3390/molecules27113584.","Belal A","Molecules","2022","2022/06/10","PMC9182209","","10.3390/molecules27113584"
"21528002","High-resolution analysis of DNA copy number alterations in patients with isolated sporadic keratoconus","Abu-Amero KK, Hellani AM, Al Mansouri SM, Kalantan H, Al-Muammar AM.","Mol Vis. 2011 Mar 30;17:822-6.","Abu-Amero KK","Mol Vis","2011","2011/04/30","PMC3081803","",""
"30930657","Comparison of manual and femtosecond laser arcuate keratotomy procedures for the correction of post-keratoplasty astigmatism","Al-Qurashi M, Al Sabaani N, Al Malki S.","Saudi J Ophthalmol. 2019 Jan-Mar;33(1):12-17. doi: 10.1016/j.sjopt.2018.11.001. Epub 2018 Nov 12.","Al-Qurashi M","Saudi J Ophthalmol","2019","2019/04/02","PMC6424677","","10.1016/j.sjopt.2018.11.001"
"39925558","Postoperative Compliance With Follow-Up Among Photorefractive Keratectomy Patients in Riyadh, Kingdom of Saudi Arabia","Alfaqih AA, AlShammari SD, Juaythin NA, Aljefri SH.","Cureus. 2025 Jan 10;17(1):e77237. doi: 10.7759/cureus.77237. eCollection 2025 Jan.","Alfaqih AA","Cureus","2025","2025/02/10","PMC11807392","","10.7759/cureus.77237"
"35601171","Factors affecting single-step transepithelial photorefractive keratectomy outcome in the treatment of mild, moderate, and high myopia: a cohort study","Al-Mohaimeed MM.","Int J Ophthalmol. 2022 May 18;15(5):786-792. doi: 10.18240/ijo.2022.05.15. eCollection 2022.","Al-Mohaimeed MM","Int J Ophthalmol","2022","2022/05/23","PMC9091891","","10.18240/ijo.2022.05.15"
"37408725","Femtosecond Laser-Assisted Membranectomy of Retained Host's Descemet's Membrane Postpenetrating Keratoplasty","Meeraalam Z, Suarez E, Al-Amro M, Vargas JM.","Middle East Afr J Ophthalmol. 2023 May 25;29(3):167-169. doi: 10.4103/meajo.meajo_102_20. eCollection 2022 Jul-Sep.","Meeraalam Z","Middle East Afr J Ophthalmol","2023","2023/07/06","PMC10319077","","10.4103/meajo.meajo_102_20"
"16670476","Deep anterior lamellar keratoplasty for keratoconus","Al-Torbak AA, Al-Motowa S, Al-Assiri A, Al-Kharashi S, Al-Shahwan S, Al-Mezaine H, Teichmann K.","Cornea. 2006 May;25(4):408-12. doi: 10.1097/01.ico.0000220777.70981.46.","Al-Torbak AA","Cornea","2006","2006/05/04","","","10.1097/01.ico.0000220777.70981.46"
"41036640","Alteration in epithelium and stroma of Post-INTACS cornea: Ultrastructure and 3D transmission electron tomography","Akhtar S, Kirat O, Smedowski A, Alkanaan A, Almoqbel F, Almubrad T.","Histol Histopathol. 2026 Apr;41(4):593-606. doi: 10.14670/HH-18-998. Epub 2025 Oct 2.","Akhtar S","Histol Histopathol","2026","2025/10/02","","","10.14670/HH-18-998"
"17061710","Topography-guided CATz versus conventional LASIK for myopia with the NIDEK EC-5000: A bilateral eye study","Farooqui MA, Al-Muammar AR.","J Refract Surg. 2006 Oct;22(8):741-5. doi: 10.3928/1081-597X-20061001-03.","Farooqui MA","J Refract Surg","2006","2006/10/26","","","10.3928/1081-597X-20061001-03"
"28944202","Validity of autorefractor based screening method for irregular astigmatism compared to the corneal topography- a cross sectional study","Galindo-Ferreiro A, De Miguel-Gutierrez J, González-Sagrado M, Galvez-Ruiz A, Khandekar R, Schellini S, Galindo-Alonso J.","Int J Ophthalmol. 2017 Sep 18;10(9):1412-1418. doi: 10.18240/ijo.2017.09.14. eCollection 2017.","Galindo-Ferreiro A","Int J Ophthalmol","2017","2017/09/26","PMC5596228","","10.18240/ijo.2017.09.14"
"12696632","Complications of laser in situ keratomileusis (LASIK)","Tabbara KF, El-Sheikh HF, Vera-Cristo CL.","Eur J Ophthalmol. 2003 Mar;13(2):139-46. doi: 10.1177/112067210301300204.","Tabbara KF","Eur J Ophthalmol","2003","2003/04/17","","","10.1177/112067210301300204"
"26825280","Agreement Between Autorefraction and Subjective Refraction in Keraring-Implanted Keratoconic Eyes","Al-Tuwairqi WS, Ogbuehi KC, Razzouk H, Alanazi MA, Osuagwu UL.","Eye Contact Lens. 2017 Mar;43(2):116-122. doi: 10.1097/ICL.0000000000000244.","Al-Tuwairqi WS","Eye Contact Lens","2017","2016/01/31","","","10.1097/ICL.0000000000000244"
"21850174","Infantile esotropia could be oligogenic and allelic with Duane retraction syndrome","Khan AO, Shinwari J, Al Sharif L, Khalil D, Al-Gehedan S, Tassan NA.","Mol Vis. 2011;17:1997-2002. Epub 2011 Jul 20.","Khan AO","Mol Vis","2011","2011/08/19","PMC3154136","",""
"36881012","Acute Sterile Keratolysis After Deep Anterior Lamellar Keratoplasty in a Patient With Keratoconus: A Case Report","Al-Swailem SA, AlHilali S, Maktabi AMY.","Cornea. 2023 Sep 1;42(9):1183-1186. doi: 10.1097/ICO.0000000000003271. Epub 2023 Mar 3.","Al-Swailem SA","Cornea","2023","2023/03/07","PMC10392883","","10.1097/ICO.0000000000003271"
"30370150","Topographic Asymmetry Indices: Correlation between Inferior Minus Superior Value and Index of Height Decentration","Wahba SS, Roshdy MM, Fikry RR, Abdellatif MK, Abodarahim AM.","J Ophthalmol. 2018 Oct 2;2018:7875148. doi: 10.1155/2018/7875148. eCollection 2018.","Wahba SS","J Ophthalmol","2018","2018/10/30","PMC6189656","","10.1155/2018/7875148"
"29274023","Vector analysis of femtosecond laser-assisted astigmatic keratotomy after deep anterior lamellar keratoplasty and penetrating keratoplasty","anNakhli F, Khattak A.","Int Ophthalmol. 2019 Jan;39(1):189-198. doi: 10.1007/s10792-017-0803-0. Epub 2017 Dec 22.","anNakhli F","Int Ophthalmol","2019","2017/12/24","","","10.1007/s10792-017-0803-0"
"31278147","Sutureless superficial anterior lamellar keratoplasty for recurrent corneal haze after repeat excimer laser surface ablation","Myerscough J, Bovone C, Thomas PBM, Mimouni M, Aljassar F, Padroni S, Busin M.","Br J Ophthalmol. 2020 Mar;104(3):341-344. doi: 10.1136/bjophthalmol-2019-314316. Epub 2019 Jul 5.","Myerscough J","Br J Ophthalmol","2020","2019/07/07","","","10.1136/bjophthalmol-2019-314316"
"29187250","Polymorphism rs13334190 in zinc finger protein 469 (ZNF469) is not a risk factor for keratoconus in a Saudi cohort","Kalantan H, Kondkar AA, Sultan T, Azad TA, Alsabaani NA, AlQahtani MA, Almummar A, Liu Y, Abu-Amero KK.","BMC Res Notes. 2017 Nov 29;10(1):652. doi: 10.1186/s13104-017-2996-8.","Kalantan H","BMC Res Notes","2017","2017/12/01","PMC5707800","","10.1186/s13104-017-2996-8"
"23960933","Anterior chamber depth in normal subjects by rotating scheimpflug imaging","Feng MT, Belin MW, Ambrósio R Jr, Grewal SP, Yan W, Shaheen MS, McGhee C, Maeda N, Neuhann TH, Burkhard Dick H, Alageel SA, Steinmueller A.","Saudi J Ophthalmol. 2011 Jul;25(3):255-9. doi: 10.1016/j.sjopt.2011.04.005. Epub 2011 Apr 30.","Feng MT","Saudi J Ophthalmol","2011","2013/08/21","PMC3729361","","10.1016/j.sjopt.2011.04.005"
"30224885","Assessment of visual function and Vision-related Quality of Life in female contact lens wearers with Dry Eye Syndrome","Bokhary KA, Alomar N.","Saudi J Ophthalmol. 2018 Jul-Sep;32(3):211-216. doi: 10.1016/j.sjopt.2018.03.001. Epub 2018 Mar 15.","Bokhary KA","Saudi J Ophthalmol","2018","2018/09/19","PMC6137822","","10.1016/j.sjopt.2018.03.001"
"39787784","The clinical outcome of implantable collamer lens in corneal ectasia post astigmatic keratotomy","Al-Razqan H, Al-Mutlak M.","Int J Surg Case Rep. 2025 Feb;127:110855. doi: 10.1016/j.ijscr.2025.110855. Epub 2025 Jan 7.","Al-Razqan H","Int J Surg Case Rep","2025","2025/01/09","PMC11763156","","10.1016/j.ijscr.2025.110855"
"28808586","Quality of Vision after Deep Anterior Lamellar Keratoplasty (Fluid Dissection) Compared to Penetrating Keratoplasty for the Treatment of Keratoconus","Hamdi IM, Hamdi MM.","J Ophthalmol. 2017;2017:4507989. doi: 10.1155/2017/4507989. Epub 2017 Jul 20.","Hamdi IM","J Ophthalmol","2017","2017/08/16","PMC5541790","","10.1155/2017/4507989"
"15968166","Deep lamellar endothelial keratoplasty: surgery in complex cases with severe preoperative visual loss","Amayem AF, Terry MA, Helal MH, Turki WA, El-Sabagh H, El-Gazayerli E, Ousley PJ.","Cornea. 2005 Jul;24(5):587-92. doi: 10.1097/01.ico.0000153558.67031.15.","Amayem AF","Cornea","2005","2005/06/22","","","10.1097/01.ico.0000153558.67031.15"
"25439432","Myopia control during orthokeratology lens wear in children using a novel study design","Swarbrick HA, Alharbi A, Watt K, Lum E, Kang P.","Ophthalmology. 2015 Mar;122(3):620-30. doi: 10.1016/j.ophtha.2014.09.028. Epub 2014 Nov 6.","Swarbrick HA","Ophthalmology","2015","2014/12/03","","","10.1016/j.ophtha.2014.09.028"
"40923617","Use of Preexisting ICRS Tunnels for Implantation of CAIRS Following ICRS Migration and Corneal Tissue Necrosis: A Case Report","Alabbasi OM, Alahmadi MW, Alhejaili RA, Alharbi AK.","J Refract Surg. 2025 Sep;41(9):e1022-e1026. doi: 10.3928/1081597X-20250630-01. Epub 2025 Sep 1.","Alabbasi OM","J Refract Surg","2025","2025/09/09","","","10.3928/1081597X-20250630-01"
"19393882","Incidence, management, and visual outcomes of buttonholed laser in situ keratomileusis flaps","Al-Mezaine HS, Al-Amro SA, Al-Obeidan S.","J Cataract Refract Surg. 2009 May;35(5):839-45. doi: 10.1016/j.jcrs.2009.01.013.","Al-Mezaine HS","J Cataract Refract Surg","2009","2009/04/28","","","10.1016/j.jcrs.2009.01.013"
"41139725","Efficacy of Topical Tacrolimus (FK506) in High-risk Penetrating Keratoplasty: A Systematic Review and Meta-analysis of Comparative Studies","Qedair J, Bawazir R, Alghamdi S.","Eye (Lond). 2025 Dec;39(18):3237-3242. doi: 10.1038/s41433-025-04002-x. Epub 2025 Oct 26.","Qedair J","Eye (Lond)","2025","2025/10/27","PMC12669711","","10.1038/s41433-025-04002-x"
"28210178","A steep peripheral ring in irregular cornea topography, real or an instrument error?","Galindo-Ferreiro A, Galvez-Ruiz A, Schellini SA, Galindo-Alonso J.","Saudi J Ophthalmol. 2016 Jul-Sep;30(3):175-179. doi: 10.1016/j.sjopt.2016.04.002. Epub 2016 May 11.","Galindo-Ferreiro A","Saudi J Ophthalmol","2016","2017/02/18","PMC5299106","","10.1016/j.sjopt.2016.04.002"
"11310764","Penetrating keratoplasty vs. epikeratoplasty for the surgical treatment of keratoconus","Wagoner MD, Smith SD, Rademaker WJ, Mahmood MA.","J Refract Surg. 2001 Mar-Apr;17(2):138-46. doi: 10.3928/1081-597X-20010301-08.","Wagoner MD","J Refract Surg","2001","2001/04/20","","","10.3928/1081-597X-20010301-08"
"29296550","Comparison of transepithelial corneal crosslinking with epithelium-off crosslinking (epithelium-off CXL) in adult Pakistani population with progressive keratoconus","Akbar B, Intisar-Ul-Haq R, Ishaq M, Fawad A, Arzoo S, Siddique K.","Taiwan J Ophthalmol. 2017 Oct-Dec;7(4):185-190. doi: 10.4103/tjo.tjo_38_17.","Akbar B","Taiwan J Ophthalmol","2017","2018/01/04","PMC5747228","","10.4103/tjo.tjo_38_17"
"42077334","Indications for Keratoplasty in King Abdul-Aziz University Hospital: Five Years of Experience","Alqahtani SS.","Malays J Med Sci. 2025 Aug;32(4):170-179. doi: 10.21315/mjms-03-2025-170. Epub 2025 Aug 30.","Alqahtani SS","Malays J Med Sci","2025","2026/05/04","PMC13132138","","10.21315/mjms-03-2025-170"
"22767164","A contralateral, randomized comparison of optimized prolate ablation and conventional LASIK for myopia with the NIDEK excimer laser platform","El Danasoury AM, Holladay J, Waring GO 3rd, Pieger S, Bains HS.","J Refract Surg. 2012 Jul;28(7):453-61. doi: 10.3928/1081597X-20120621-01.","El Danasoury AM","J Refract Surg","2012","2012/07/07","","","10.3928/1081597X-20120621-01"
"18306118","Binocular diplopia following vision restoration in patients with keratoconus and sensory strabismus","Khan AO, Al-Shamsi H.","Strabismus. 2008 Jan-Mar;16(1):19-22. doi: 10.1080/09273970701863149.","Khan AO","Strabismus","2008","2008/02/29","","","10.1080/09273970701863149"
"41091423","Novel application of diode engraving laser for preparing corneal allogenic intrastromal ring segments: a comparative study with femtosecond laser and manual trephine","Alabbasi OM, ALBalawi HB.","Lasers Med Sci. 2025 Oct 15;40(1):438. doi: 10.1007/s10103-025-04689-0.","Alabbasi OM","Lasers Med Sci","2025","2025/10/15","","","10.1007/s10103-025-04689-0"
"16227845","Corneal graft survival after prolonged storage in Optisol-GS","Wagoner MD, Gonnah el-S.","Cornea. 2005 Nov;24(8):976-9. doi: 10.1097/01.ico.0000159731.52801.b6.","Wagoner MD","Cornea","2005","2005/10/18","","","10.1097/01.ico.0000159731.52801.b6"
"33315735","PresbyPRK vs presbyLASIK using the SUPRACOR algorithm and micromonovision in presbyopic hyperopic patients: visual and refractive results at 12 months","Boucenna W, Hagège A, Lussato M, Morfeq H, Kochbati E, Jany B, Froussart-Maille F, Delbarre M.","J Cataract Refract Surg. 2021 Jul 1;47(7):878-885. doi: 10.1097/j.jcrs.0000000000000544.","Boucenna W","J Cataract Refract Surg","2021","2020/12/14","","","10.1097/j.jcrs.0000000000000544"
"10928759","Penetrating keratoplasty in eyes with keratoconus and vernal keratoconjunctivitis","Mahmood MA, Wagoner MD.","Cornea. 2000 Jul;19(4):468-70. doi: 10.1097/00003226-200007000-00012.","Mahmood MA","Cornea","2000","2000/08/06","","","10.1097/00003226-200007000-00012"
"19411956","Postoperative complications after primary adult optical penetrating keratoplasty: prevalence and impact on graft survival","Wagoner MD, Ba-Abbad R, Al-Mohaimeed M, Al-Swailem S, Zimmerman MB; King Khaled Eye Specialist Hospital Corneal Transplant Study Group.","Cornea. 2009 May;28(4):385-94. doi: 10.1097/ICO.0b013e31818d3aef.","Wagoner MD","Cornea","2009","2009/05/05","","","10.1097/ICO.0b013e31818d3aef"
"20141352","Ophthalmologic abnormalities in a de novo terminal 6q deletion","Abu-Amero KK, Hellani A, Salih MA, Al Hussain A, al Obailan M, Zidan G, Alorainy IA, Bosley TM.","Ophthalmic Genet. 2010 Mar;31(1):1-11. doi: 10.3109/13816810903312535.","Abu-Amero KK","Ophthalmic Genet","2010","2010/02/10","","","10.3109/13816810903312535"
"20098317","Bilateral infectious keratitis after implantation of intrastromal corneal ring segments","Chaudhry IA, Al-Ghamdi AA, Kirat O, Al-Swelmi F, Al-Rashed W, Shamsi FA.","Cornea. 2010 Mar;29(3):339-41. doi: 10.1097/ICO.0b013e3181a87b35.","Chaudhry IA","Cornea","2010","2010/01/26","","","10.1097/ICO.0b013e3181a87b35"
"23259098","Achondroplasia associated with bilateral keratoconus","Al Mahmood AM, Al Katan HM, Al Bin Ali GY, Al-Swailem SA.","Case Rep Ophthalmol Med. 2012;2012:573045. doi: 10.1155/2012/573045. Epub 2012 Dec 4.","Al Mahmood AM","Case Rep Ophthalmol Med","2012","2012/12/22","PMC3521417","","10.1155/2012/573045"
"19248543","NIDEK optimized prolate ablation for the treatment of myopia with and without astigmatism","El Danasoury AM.","J Refract Surg. 2009 Jan;25(1 Suppl):S136-41. doi: 10.3928/1081597X-20090115-11.","El Danasoury AM","J Refract Surg","2009","2009/03/03","","","10.3928/1081597X-20090115-11"
"24564379","Agreement between Orbscan II, VuMAX UBM and Artemis-2 very-high frequency ultrasound scanner for measurement of anterior chamber depth","Al Farhan HM.","BMC Ophthalmol. 2014 Feb 25;14:20. doi: 10.1186/1471-2415-14-20.","Al Farhan HM","BMC Ophthalmol","2014","2014/02/26","PMC3936803","","10.1186/1471-2415-14-20"
"29685776","Clinical evaluation of a new correction algorithm for dynamic Scheimpflug analyzer tonometry before and after laser in situ keratomileusis and small-incision lenticule extraction","Chen KJ, Joda A, Vinciguerra R, Eliasy A, Sefat SMM, Kook D, Geraghty B, Roberts CJ, Elsheikh A.","J Cataract Refract Surg. 2018 May;44(5):581-588. doi: 10.1016/j.jcrs.2018.01.023. Epub 2018 Apr 22.","Chen KJ","J Cataract Refract Surg","2018","2018/04/25","","","10.1016/j.jcrs.2018.01.023"
"31686970","Terminology of Peters' anomaly variants: Summary of histopathological findings in 6 corneas and detailed clinicopathological correlation in 2 cases","Alkatan HM, Al Dhaheri H, Al Harby M.","Saudi J Ophthalmol. 2019 Jul-Sep;33(3):277-282. doi: 10.1016/j.sjopt.2018.02.015. Epub 2018 Mar 8.","Alkatan HM","Saudi J Ophthalmol","2019","2019/11/06","PMC6819702","","10.1016/j.sjopt.2018.02.015"
"27330384","Morphometric changes of corneal endothelial cells following intracameral air for micro perforation of the Descemet Membrane during big-bubble deep anterior lamellar keratoplasty","Khattak A, Nakhli FR, Abdullatif Abouollo HM.","Saudi J Ophthalmol. 2016 Apr-Jun;30(2):98-104. doi: 10.1016/j.sjopt.2016.01.003. Epub 2016 Jan 28.","Khattak A","Saudi J Ophthalmol","2016","2016/06/23","PMC4908048","","10.1016/j.sjopt.2016.01.003"
"20853116","Role of keratan sulphate (sulphated poly -N-acetyllactosamine repeats) in keratoconic cornea, histochemical, and ultrastructural analysis","Akhtar S, Bron AJ, Hayes AJ, Meek KM, Caterson B.","Graefes Arch Clin Exp Ophthalmol. 2011 Mar;249(3):413-20. doi: 10.1007/s00417-010-1512-9. Epub 2010 Sep 19.","Akhtar S","Graefes Arch Clin Exp Ophthalmol","2011","2010/09/21","","","10.1007/s00417-010-1512-9"
"17068453","Confocal microscopy of subepithelial infiltrates occurring after epidemic keratoconjunctivitis","Alsuhaibani AH, Sutphin JE, Wagoner MD.","Cornea. 2006 Aug;25(7):778-80. doi: 10.1097/01.ico.0000220773.04155.7a.","Alsuhaibani AH","Cornea","2006","2006/10/28","","","10.1097/01.ico.0000220773.04155.7a"
"27555712","Removal of Retained Descemets Membrane Using Femtosecond Laser","May W, Alrashidi S, Daoud YJ.","Middle East Afr J Ophthalmol. 2016 Jul-Sep;23(3):259-61. doi: 10.4103/0974-9233.171778.","May W","Middle East Afr J Ophthalmol","2016","2016/08/25","PMC4968149","","10.4103/0974-9233.171778"
"19848375","Axis alignment and rotational stability after implantation of the toric implantable collamer lens for myopic astigmatism","Hashem AN, El Danasoury AM, Anwar HM.","J Refract Surg. 2009 Oct;25(10 Suppl):S939-43. doi: 10.3928/1081597X-20090915-08.","Hashem AN","J Refract Surg","2009","2009/10/24","","","10.3928/1081597X-20090915-08"
"11973386","Deep lamellar keratoplasty: surgical techniques for anterior lamellar keratoplasty with and without baring of Descemet's membrane","Anwar M, Teichmann KD.","Cornea. 2002 May;21(4):374-83. doi: 10.1097/00003226-200205000-00009.","Anwar M","Cornea","2002","2002/04/26","","","10.1097/00003226-200205000-00009"
"22704944","Changes in central corneal thickness values after instillation of oxybuprocaine hydrochloride 0.4%","Ogbuehi KC, Chijuka JC, Osuagwu UL.","Cont Lens Anterior Eye. 2012 Oct;35(5):199-202. doi: 10.1016/j.clae.2012.05.004. Epub 2012 Jun 15.","Ogbuehi KC","Cont Lens Anterior Eye","2012","2012/06/19","","","10.1016/j.clae.2012.05.004"
"22929159","Refractive and visual outcomes of penetrating keratoplasty versus deep anterior lamellar keratoplasty with hydrodissection for treatment of keratoconus","Amayem AF, Hamdi IM, Hamdi MM.","Cornea. 2013 Apr;32(4):e2-5. doi: 10.1097/ICO.0b013e31825ca70b.","Amayem AF","Cornea","2013","2012/08/30","","","10.1097/ICO.0b013e31825ca70b"
"17133064","Confocal microscopy of subepithelial infiltrates occurring after epidemic keratoconjunctivitis","Alsuhaibani AH, Sutphin JE, Wagoner MD.","Cornea. 2006 Oct;25(9):1102-4. doi: 10.1097/01.ico.0000230252.01184.59.","Alsuhaibani AH","Cornea","2006","2006/11/30","","","10.1097/01.ico.0000230252.01184.59"
"15968158","Limits of agreement between the optical pachymeter and a noncontact specular microscope","Ogbuehi KC, Almubrad TM.","Cornea. 2005 Jul;24(5):545-9. doi: 10.1097/01.ico.0000151506.11447.ed.","Ogbuehi KC","Cornea","2005","2005/06/22","","","10.1097/01.ico.0000151506.11447.ed"
"19936422","Post-keratoplasty emergency visits at a hospital in Jordan","Asfour WM, Shaban RI.","Saudi Med J. 2009 Dec;30(12):1568-71.","Asfour WM","Saudi Med J","2009","2009/11/26","","",""
"17768466","A comparison of the effect of donor-recipient trephine size disparity on refractive error in keratoconus","Shoja MR, Besharati MR.","Saudi Med J. 2007 Sep;28(9):1389-92.","Shoja MR","Saudi Med J","2007","2007/09/05","","",""
"40492143","The role of corneal allogenic intrastromal ring segments (CAIRS) implantation after failed synthetic intracorneal ring segments (ICRS): A rescuer","AlQahtani BS, Alsulami RA.","Am J Ophthalmol Case Rep. 2025 Mar 5;38:102287. doi: 10.1016/j.ajoc.2025.102287. eCollection 2025 Jun.","AlQahtani BS","Am J Ophthalmol Case Rep","2025","2025/06/10","PMC12147470","","10.1016/j.ajoc.2025.102287"
"30101207","Goniosynechialysis for secondary angle closure glaucoma in aphakic patient after pars plana vitrectomy","Alsobaie NA, Almohizea AI, Al-Zahrani Y, Malik R.","Am J Ophthalmol Case Rep. 2018 Jul 29;12:15-17. doi: 10.1016/j.ajoc.2018.07.008. eCollection 2018 Dec.","Alsobaie NA","Am J Ophthalmol Case Rep","2018","2018/08/14","PMC6082995","","10.1016/j.ajoc.2018.07.008"
"22224023","Histopathologic findings in two cases with history of intrastromal corneal ring segments insertion","Al-Amry M, Alkatan HM.","Middle East Afr J Ophthalmol. 2011 Oct;18(4):317-9. doi: 10.4103/0974-9233.90136.","Al-Amry M","Middle East Afr J Ophthalmol","2011","2012/01/07","PMC3249820","","10.4103/0974-9233.90136"
"19848370","Customized aspheric treatment zone ablation to treat irregular corneas after corneal refractive surgery","El Danasoury AM, Bains HS.","J Refract Surg. 2009 Oct;25(10 Suppl):S917-21. doi: 10.3928/1081597X-20090915-03.","El Danasoury AM","J Refract Surg","2009","2009/10/24","","","10.3928/1081597X-20090915-03"
"18404961","Ring corneal infiltrate and progressive ring thinning following primary varicella infection","Khan AO, Al-Assiri A, Wagoner MD.","J Pediatr Ophthalmol Strabismus. 2008 Mar-Apr;45(2):116-7. doi: 10.3928/01913913-20080301-13.","Khan AO","J Pediatr Ophthalmol Strabismus","2008","2008/04/15","","","10.3928/01913913-20080301-13"
"21993472","Predescemetic dissection for healed hydrops--judicious use of air and fluid","Anwar HM, Anwar M.","Cornea. 2011 Dec;30(12):1502-9. doi: 10.1097/ICO.0b013e31822018b9.","Anwar HM","Cornea","2011","2011/10/14","","","10.1097/ICO.0b013e31822018b9"
"16707524","Retinoscopic (refractive) estimation of axial length in paediatric aphakia: a comparison with ultrasonic measurement","Khan AO.","Br J Ophthalmol. 2006 Aug;90(8):987-9. doi: 10.1136/bjo.2006.094219. Epub 2006 May 17.","Khan AO","Br J Ophthalmol","2006","2006/05/19","PMC1857199","","10.1136/bjo.2006.094219"
"17275089","Bacterial keratitis after penetrating keratoplasty: incidence, microbiological profile, graft survival, and visual outcome","Wagoner MD, Al-Swailem SA, Sutphin JE, Zimmerman MB.","Ophthalmology. 2007 Jun;114(6):1073-9. doi: 10.1016/j.ophtha.2006.10.015. Epub 2007 Feb 1.","Wagoner MD","Ophthalmology","2007","2007/02/06","","","10.1016/j.ophtha.2006.10.015"
"15725898","Presumed stromal graft rejection after deep anterior lamellar keratoplasty","Al-Torbak A, Malak M, Teichmann KD, Wagoner MD.","Cornea. 2005 Mar;24(2):241-3. doi: 10.1097/01.ico.0000141230.95601.95.","Al-Torbak A","Cornea","2005","2005/02/24","","","10.1097/01.ico.0000141230.95601.95"
"19370826","Multizone LASIK with peripheral near zone for correction of presbyopia in myopic and hyperopic eyes: 1-year results","El Danasoury AM, Gamaly TO, Hantera M.","J Refract Surg. 2009 Mar;25(3):296-305. doi: 10.3928/1081597X-20090301-10.","El Danasoury AM","J Refract Surg","2009","2009/04/18","","","10.3928/1081597X-20090301-10"
"16916879","Paediatric secondary intraocular lens estimation from the aphakic refraction alone: comparison with a standard biometric technique","Khan AO, AlGaeed A.","Br J Ophthalmol. 2006 Dec;90(12):1458-60. doi: 10.1136/bjo.2006.100834. Epub 2006 Aug 17.","Khan AO","Br J Ophthalmol","2006","2006/08/19","PMC1857542","","10.1136/bjo.2006.100834"
"16814183","Bilateral Duane syndrome and bilateral aniridia","Khan AO, Aldahmesh M.","J AAPOS. 2006 Jun;10(3):273-4. doi: 10.1016/j.jaapos.2006.02.002.","Khan AO","J AAPOS","2006","2006/07/04","","","10.1016/j.jaapos.2006.02.002"
"16546439","Ultrasound biometry in the diagnosis of amblyopia in keratoconus","Assiri AM, Yousuf BI, Woodhouse JM, Quantock AJ, Murphy PJ.","Cont Lens Anterior Eye. 2006 May;29(2):75-9. doi: 10.1016/j.clae.2005.12.005. Epub 2006 Mar 20.","Assiri AM","Cont Lens Anterior Eye","2006","2006/03/21","","","10.1016/j.clae.2005.12.005"
"22495028","The use of fibrin glue to seal Descemet membrane microperforations occurring during deep anterior lamellar keratoplasty","Anwar HM, El-Danasoury A, Hashem AN.","Cornea. 2012 Oct;31(10):1193-6. doi: 10.1097/ICO.0b013e318242fd94.","Anwar HM","Cornea","2012","2012/04/13","","","10.1097/ICO.0b013e318242fd94"
"31619906","Use of Fibrin Glue in the Management of Descemet Membrane Perforation during Deep Anterior Lamellar Keratoplasty","Alharbi SS, Alameer A.","Middle East Afr J Ophthalmol. 2019 Sep 30;26(3):168-171. doi: 10.4103/meajo.MEAJO_97_19. eCollection 2019 Jul-Sep.","Alharbi SS","Middle East Afr J Ophthalmol","2019","2019/10/18","PMC6788313","","10.4103/meajo.MEAJO_97_19"
"16212286","Optimized prolate corneal ablation: case report of the first treated eye","El-Danasoury A, Bains HS.","J Refract Surg. 2005 Sep-Oct;21(5 Suppl):S598-602. doi: 10.3928/1081-597X-20050902-07.","El-Danasoury A","J Refract Surg","2005","2005/10/11","","","10.3928/1081-597X-20050902-07"
"17189894","Traumatic globe rupture after deep anterior lamellar keratoplasty","Kalantan H, Al-Shahwan S, Al-Torbak A.","Indian J Ophthalmol. 2007 Jan-Feb;55(1):69-70. doi: 10.4103/0301-4738.29502.","Kalantan H","Indian J Ophthalmol","2007","2006/12/27","","","10.4103/0301-4738.29502"
"23147885","Comparison of pupil diameter measurement with Lenstar LS 900 and OPD Scan II. Not interchangeable devices","Gedik S, Koktekir BE, Bakbak B, Gonul S.","Saudi Med J. 2012 Nov;33(11):1239-40.","Gedik S","Saudi Med J","2012","2012/11/14","","",""
